trip_id,stop_id,stop_sequence
10.ida,906,1
10.ida,908,2
10.ida,1197,3
10.ida,1198,4
10.ida,1199,5
10.ida,1200,6
10.ida,1206,7
10.ida,1207,8
10.ida,1212,9
10.ida,1217,10
10.ida,1222,11
10.ida,1223,12
10.ida,1232,13
10.ida,1245,14
10.ida,1246,15
10.ida,1250,16
10.ida,1251,17
10.ida,1253,18
10.ida,1258,19
10.ida,1261,20
10.ida,1266,21
10.ida,1267,22
10.ida,1270,23
10.ida,1274,24
10.ida,1275,25
10.ida,1276,26
10.ida,1277,27
10.ida,1278,28
10.ida,1279,29
10.ida,1280,30
10.ida,1281,31
10.ida,1282,32
10.ida,1283,33
10.ida,1415,34
10.ida,1420,35
10.ida,1423,36
10.ida,1424,37
10.ida,1533,38
10.ida,1537,39
10.ida,1538,40
10.ida,1544,41
10.ida,1548,42
10.ida,1552,43
10.ida,1554,44
10.ida,1858,45
10.ida,1863,46
10.ida,1868,47
10.ida,1873,48
10.ida,1875,49
10.ida,1879,50
10.ida,1884,51
10.ida,2034,52
10.ida,2036,53
10.ida,2050,54
10.ida,2059,55
10.ida,2061,56
10.ida,2280,57
10.ida,2287,58
10.ida,2308,59
10.ida,2324,60
10.ida,2507,61
10.ida,2509,62
10.ida,2512,63
10.ida,2513,64
10.ida,2514,65
10.ida,2527,66
10.ida,2531,67
10.ida,2542,68
10.ida,2543,69
10.ida,2731,70
10.ida,2894,71
10.ida,2895,72
10.ida,2900,73
10.ida,2903,74
10.ida,2904,75
10.ida,2912,76
10.ida,2913,77
10.ida,2915,78
10.ida,2919,79
10.ida,2946,80
10.ida,2947,81
10.ida,2948,82
10.ida,2949,83
10.ida,2950,84
10.ida,2953,85
10.ida,2959,86
10.ida,2984,87
10.reg,1014,1
10.reg,1021,2
10.reg,1024,3
10.reg,1293,4
10.reg,1294,5
10.reg,1295,6
10.reg,1296,7
10.reg,1297,8
10.reg,1298,9
10.reg,1299,10
10.reg,1300,11
10.reg,1304,12
10.reg,1305,13
10.reg,1311,14
10.reg,1312,15
10.reg,1313,16
10.reg,1316,17
10.reg,1317,18
10.reg,1318,19
10.reg,1320,20
10.reg,1324,21
10.reg,1327,22
10.reg,1329,23
10.reg,1333,24
10.reg,1334,25
10.reg,1340,26
10.reg,1341,27
10.reg,1351,28
10.reg,1352,29
10.reg,1367,30
10.reg,1370,31
10.reg,1373,32
10.reg,1374,33
10.reg,1375,34
10.reg,1376,35
10.reg,1377,36
10.reg,1380,37
10.reg,1476,38
10.reg,1481,39
10.reg,1483,40
10.reg,1484,41
10.reg,1485,42
10.reg,1486,43
10.reg,1663,44
10.reg,1669,45
10.reg,1672,46
10.reg,1728,47
10.reg,1744,48
10.reg,1745,49
10.reg,1749,50
10.reg,1949,51
10.reg,1958,52
10.reg,1971,53
10.reg,1978,54
10.reg,1982,55
10.reg,1989,56
10.reg,1994,57
10.reg,2191,58
10.reg,2325,59
10.reg,2386,60
10.reg,2389,61
10.reg,2391,62
10.reg,2397,63
10.reg,2398,64
10.reg,2404,65
10.reg,2419,66
10.reg,2426,67
10.reg,2602,68
10.reg,2830,69
10.reg,2841,70
10.reg,2845,71
10.reg,2860,72
10.reg,2997,73
10.reg,2998,74
10.reg,2999,75
10.reg,3007,76
10.reg,3008,77
10.reg,3009,78
10.reg,3016,79
10.reg,3017,80
10.reg,3020,81
10.reg,3022,82
10.reg,3023,83
10.reg,3029,84
10.reg,3030,85
10.reg,3032,86
11.ida,1014,1
11.ida,1024,2
11.ida,1304,3
11.ida,1305,4
11.ida,1311,5
11.ida,1318,6
11.ida,1320,7
11.ida,1324,8
11.ida,1327,9
11.ida,1329,10
11.ida,1333,11
11.ida,1334,12
11.ida,1340,13
11.ida,1351,14
11.ida,1352,15
11.ida,1476,16
11.ida,1538,17
11.ida,1653,18
11.ida,1660,19
11.ida,1663,20
11.ida,1672,21
11.ida,1720,22
11.ida,1728,23
11.ida,1732,24
11.ida,1744,25
11.ida,1745,26
11.ida,1749,27
11.ida,1756,28
11.ida,1949,29
11.ida,1956,30
11.ida,1971,31
11.ida,1978,32
11.ida,1989,33
11.ida,1994,34
11.ida,2172,35
11.ida,2191,36
11.ida,2224,37
11.ida,2225,38
11.ida,2228,39
11.ida,2229,40
11.ida,2230,41
11.ida,2231,42
11.ida,2232,43
11.ida,2233,44
11.ida,2234,45
11.ida,2235,46
11.ida,2236,47
11.ida,2237,48
11.ida,2357,49
11.ida,2358,50
11.ida,2359,51
11.ida,2360,52
11.ida,2361,53
11.ida,2362,54
11.ida,2363,55
11.ida,2364,56
11.ida,2366,57
11.ida,2367,58
11.ida,2368,59
11.ida,2369,60
11.ida,2370,61
11.ida,2371,62
11.ida,2372,63
11.ida,2373,64
11.ida,2374,65
11.ida,2375,66
11.ida,2376,67
11.ida,2377,68
11.ida,2381,69
11.ida,2382,70
11.ida,2386,71
11.ida,2389,72
11.ida,2391,73
11.ida,2397,74
11.ida,2398,75
11.ida,2399,76
11.ida,2404,77
11.ida,2419,78
11.ida,2421,79
11.ida,2424,80
11.ida,2425,81
11.ida,2426,82
11.ida,2580,83
11.ida,2595,84
11.ida,2596,85
11.ida,2597,86
11.ida,2600,87
11.ida,2602,88
11.ida,2838,89
11.ida,2841,90
11.ida,2845,91
11.ida,2999,92
11.ida,3007,93
11.reg,905,1
11.reg,906,2
11.reg,908,3
11.reg,1223,4
11.reg,1232,5
11.reg,1245,6
11.reg,1246,7
11.reg,1250,8
11.reg,1251,9
11.reg,1253,10
11.reg,1258,11
11.reg,1261,12
11.reg,1266,13
11.reg,1267,14
11.reg,1270,15
11.reg,1423,16
11.reg,1424,17
11.reg,1533,18
11.reg,1537,19
11.reg,1544,20
11.reg,1548,21
11.reg,1552,22
11.reg,1554,23
11.reg,1669,24
11.reg,1719,25
11.reg,1858,26
11.reg,1863,27
11.reg,1873,28
11.reg,1875,29
11.reg,1879,30
11.reg,1884,31
11.reg,1885,32
11.reg,2045,33
11.reg,2059,34
11.reg,2061,35
11.reg,2262,36
11.reg,2263,37
11.reg,2264,38
11.reg,2265,39
11.reg,2266,40
11.reg,2267,41
11.reg,2268,42
11.reg,2269,43
11.reg,2270,44
11.reg,2271,45
11.reg,2272,46
11.reg,2273,47
11.reg,2274,48
11.reg,2275,49
11.reg,2276,50
11.reg,2280,51
11.reg,2287,52
11.reg,2308,53
11.reg,2507,54
11.reg,2509,55
11.reg,2511,56
11.reg,2512,57
11.reg,2513,58
11.reg,2514,59
11.reg,2527,60
11.reg,2528,61
11.reg,2531,62
11.reg,2542,63
11.reg,2543,64
11.reg,2547,65
11.reg,2549,66
11.reg,2550,67
11.reg,2552,68
11.reg,2553,69
11.reg,2554,70
11.reg,2555,71
11.reg,2556,72
11.reg,2557,73
11.reg,2558,74
11.reg,2559,75
11.reg,2560,76
11.reg,2561,77
11.reg,2562,78
11.reg,2563,79
11.reg,2564,80
11.reg,2565,81
11.reg,2566,82
11.reg,2569,83
11.reg,2786,84
11.reg,2789,85
11.reg,2808,86
11.reg,2809,87
11.reg,2912,88
11.reg,2913,89
11.reg,2915,90
11.reg,2919,91
11.reg,2984,92
12.ida,906,1
12.ida,908,2
12.ida,1197,3
12.ida,1198,4
12.ida,1199,5
12.ida,1200,6
12.ida,1212,7
12.ida,1217,8
12.ida,1222,9
12.ida,1223,10
12.ida,1232,11
12.ida,1245,12
12.ida,1246,13
12.ida,1250,14
12.ida,1251,15
12.ida,1253,16
12.ida,1258,17
12.ida,1261,18
12.ida,1266,19
12.ida,1267,20
12.ida,1270,21
12.ida,1274,22
12.ida,1393,23
12.ida,1394,24
12.ida,1415,25
12.ida,1420,26
12.ida,1423,27
12.ida,1424,28
12.ida,1533,29
12.ida,1537,30
12.ida,1538,31
12.ida,1544,32
12.ida,1548,33
12.ida,1552,34
12.ida,1554,35
12.ida,1858,36
12.ida,1863,37
12.ida,1868,38
12.ida,1873,39
12.ida,1875,40
12.ida,1879,41
12.ida,1884,42
12.ida,1885,43
12.ida,1889,44
12.ida,1890,45
12.ida,1891,46
12.ida,1892,47
12.ida,1893,48
12.ida,1894,49
12.ida,1895,50
12.ida,1896,51
12.ida,1897,52
12.ida,1898,53
12.ida,1899,54
12.ida,1900,55
12.ida,1901,56
12.ida,1903,57
12.ida,1904,58
12.ida,1905,59
12.ida,2034,60
12.ida,2050,61
12.ida,2059,62
12.ida,2061,63
12.ida,2280,64
12.ida,2287,65
12.ida,2308,66
12.ida,2324,67
12.ida,2507,68
12.ida,2509,69
12.ida,2512,70
12.ida,2513,71
12.ida,2514,72
12.ida,2527,73
12.ida,2531,74
12.ida,2542,75
12.ida,2543,76
12.ida,2547,77
12.ida,2597,78
12.ida,2600,79
12.ida,2731,80
12.ida,2895,81
12.ida,2900,82
12.ida,2903,83
12.ida,2904,84
12.ida,2912,85
12.ida,2913,86
12.ida,2915,87
12.ida,2919,88
12.ida,2946,89
12.ida,2947,90
12.ida,2948,91
12.ida,2949,92
12.ida,2950,93
12.ida,2959,94
12.ida,2984,95
12.ida,3370,96
12.ida,3372,97
12.reg,1014,1
12.reg,1015,2
12.reg,1021,3
12.reg,1024,4
12.reg,1304,5
12.reg,1305,6
12.reg,1311,7
12.reg,1320,8
12.reg,1324,9
12.reg,1327,10
12.reg,1329,11
12.reg,1333,12
12.reg,1334,13
12.reg,1340,14
12.reg,1341,15
12.reg,1351,16
12.reg,1352,17
12.reg,1367,18
12.reg,1374,19
12.reg,1375,20
12.reg,1376,21
12.reg,1377,22
12.reg,1380,23
12.reg,1476,24
12.reg,1481,25
12.reg,1483,26
12.reg,1484,27
12.reg,1485,28
12.reg,1486,29
12.reg,1502,30
12.reg,1503,31
12.reg,1538,32
12.reg,1653,33
12.reg,1663,34
12.reg,1672,35
12.reg,1697,36
12.reg,1698,37
12.reg,1699,38
12.reg,1700,39
12.reg,1703,40
12.reg,1704,41
12.reg,1705,42
12.reg,1706,43
12.reg,1707,44
12.reg,1708,45
12.reg,1709,46
12.reg,1710,47
12.reg,1711,48
12.reg,1712,49
12.reg,1713,50
12.reg,1714,51
12.reg,1715,52
12.reg,1716,53
12.reg,1717,54
12.reg,1719,55
12.reg,1720,56
12.reg,1728,57
12.reg,1732,58
12.reg,1737,59
12.reg,1744,60
12.reg,1745,61
12.reg,1749,62
12.reg,1756,63
12.reg,1922,64
12.reg,1949,65
12.reg,1956,66
12.reg,1958,67
12.reg,1971,68
12.reg,1978,69
12.reg,1982,70
12.reg,1989,71
12.reg,1994,72
12.reg,2146,73
12.reg,2172,74
12.reg,2191,75
12.reg,2382,76
12.reg,2386,77
12.reg,2389,78
12.reg,2391,79
12.reg,2397,80
12.reg,2398,81
12.reg,2399,82
12.reg,2404,83
12.reg,2426,84
12.reg,2602,85
12.reg,2830,86
12.reg,2841,87
12.reg,2845,88
12.reg,2860,89
12.reg,2997,90
12.reg,2998,91
12.reg,2999,92
12.reg,3007,93
12.reg,3008,94
12.reg,3009,95
12.reg,3016,96
12.reg,3017,97
12.reg,3029,98
12.reg,3030,99
12.reg,3032,100
12.reg,3371,101
12.reg,3373,102
13.ida,207,1
13.ida,208,2
13.ida,209,3
13.ida,210,4
13.ida,211,5
13.ida,1069,6
13.ida,1245,7
13.ida,1246,8
13.ida,1250,9
13.ida,1251,10
13.ida,1253,11
13.ida,1258,12
13.ida,1261,13
13.ida,1266,14
13.ida,1267,15
13.ida,1526,16
13.ida,1531,17
13.ida,1533,18
13.ida,1537,19
13.ida,1538,20
13.ida,1544,21
13.ida,1548,22
13.ida,1552,23
13.ida,1554,24
13.ida,1558,25
13.ida,1559,26
13.ida,1560,27
13.ida,1561,28
13.ida,1563,29
13.ida,1564,30
13.ida,1565,31
13.ida,1566,32
13.ida,1567,33
13.ida,1568,34
13.ida,1569,35
13.ida,1570,36
13.ida,1571,37
13.ida,1572,38
13.ida,1573,39
13.ida,1574,40
13.ida,1575,41
13.ida,1576,42
13.ida,1577,43
13.ida,1578,44
13.ida,1579,45
13.ida,1580,46
13.ida,1581,47
13.ida,1582,48
13.ida,1583,49
13.ida,1584,50
13.ida,1585,51
13.ida,1586,52
13.ida,1587,53
13.ida,1588,54
13.ida,1589,55
13.ida,1590,56
13.ida,1591,57
13.ida,1592,58
13.ida,1593,59
13.ida,1858,60
13.ida,1863,61
13.ida,1868,62
13.ida,1873,63
13.ida,1875,64
13.ida,1879,65
13.ida,2071,66
13.ida,2293,67
13.ida,2308,68
13.ida,2511,69
13.ida,2514,70
13.ida,2527,71
13.ida,2531,72
13.ida,2820,73
13.ida,3398,74
13.ida,3399,75
13.ida,3400,76
13.reg,191,1
13.reg,194,2
13.reg,196,3
13.reg,197,4
13.reg,202,5
13.reg,203,6
13.reg,205,7
13.reg,206,8
13.reg,629,9
13.reg,1014,10
13.reg,1311,11
13.reg,1313,12
13.reg,1318,13
13.reg,1320,14
13.reg,1324,15
13.reg,1327,16
13.reg,1329,17
13.reg,1334,18
13.reg,1594,19
13.reg,1595,20
13.reg,1596,21
13.reg,1597,22
13.reg,1598,23
13.reg,1599,24
13.reg,1600,25
13.reg,1601,26
13.reg,1602,27
13.reg,1603,28
13.reg,1604,29
13.reg,1623,30
13.reg,1624,31
13.reg,1625,32
13.reg,1626,33
13.reg,1627,34
13.reg,1628,35
13.reg,1629,36
13.reg,1630,37
13.reg,1631,38
13.reg,1632,39
13.reg,1633,40
13.reg,1634,41
13.reg,1635,42
13.reg,1636,43
13.reg,1637,44
13.reg,1638,45
13.reg,1639,46
13.reg,1640,47
13.reg,1641,48
13.reg,1642,49
13.reg,1643,50
13.reg,1644,51
13.reg,1645,52
13.reg,1646,53
13.reg,1647,54
13.reg,1648,55
13.reg,1649,56
13.reg,1653,57
13.reg,1660,58
13.reg,1663,59
13.reg,1669,60
13.reg,1672,61
13.reg,1674,62
13.reg,1681,63
13.reg,1682,64
13.reg,1728,65
13.reg,1744,66
13.reg,1745,67
13.reg,1749,68
13.reg,1949,69
13.reg,1956,70
13.reg,1971,71
13.reg,2191,72
13.reg,2397,73
13.reg,2398,74
13.reg,2399,75
13.reg,2404,76
13.reg,2419,77
13.reg,2929,78
13.reg,3395,79
13.reg,3396,80
13.reg,3397,81
14.ida,1014,1
14.ida,1024,2
14.ida,1320,3
14.ida,1324,4
14.ida,1327,5
14.ida,1329,6
14.ida,1333,7
14.ida,1334,8
14.ida,1351,9
14.ida,1352,10
14.ida,1455,11
14.ida,1476,12
14.ida,1538,13
14.ida,1672,14
14.ida,1697,15
14.ida,1744,16
14.ida,1745,17
14.ida,1749,18
14.ida,1922,19
14.ida,1930,20
14.ida,1939,21
14.ida,1941,22
14.ida,1942,23
14.ida,1944,24
14.ida,1971,25
14.ida,1982,26
14.ida,1989,27
14.ida,1994,28
14.ida,2143,29
14.ida,2144,30
14.ida,2145,31
14.ida,2146,32
14.ida,2148,33
14.ida,2149,34
14.ida,2150,35
14.ida,2151,36
14.ida,2152,37
14.ida,2153,38
14.ida,2154,39
14.ida,2155,40
14.ida,2157,41
14.ida,2158,42
14.ida,2159,43
14.ida,2166,44
14.ida,2169,45
14.ida,2172,46
14.ida,2174,47
14.ida,2175,48
14.ida,2176,49
14.ida,2177,50
14.ida,2178,51
14.ida,2179,52
14.ida,2180,53
14.ida,2181,54
14.ida,2182,55
14.ida,2183,56
14.ida,2184,57
14.ida,2185,58
14.ida,2186,59
14.ida,2187,60
14.ida,2190,61
14.ida,2191,62
14.ida,2204,63
14.ida,2206,64
14.ida,2240,65
14.ida,2389,66
14.ida,2391,67
14.ida,2404,68
14.ida,2424,69
14.ida,2426,70
14.ida,2832,71
14.ida,2838,72
14.ida,2841,73
14.ida,2845,74
14.ida,2999,75
14.ida,3007,76
14.ida,3374,77
14.ida,3375,78
14.ida,2041,79
14.ida,2043,80
14.reg,906,1
14.reg,908,2
14.reg,1013,3
14.reg,1223,4
14.reg,1232,5
14.reg,1245,6
14.reg,1246,7
14.reg,1250,8
14.reg,1251,9
14.reg,1253,10
14.reg,1423,11
14.reg,1424,12
14.reg,1531,13
14.reg,1533,14
14.reg,1537,15
14.reg,1669,16
14.reg,1858,17
14.reg,1863,18
14.reg,1868,19
14.reg,2045,20
14.reg,2059,21
14.reg,2061,22
14.reg,2071,23
14.reg,2102,24
14.reg,2103,25
14.reg,2105,26
14.reg,2106,27
14.reg,2112,28
14.reg,2113,29
14.reg,2114,30
14.reg,2116,31
14.reg,2117,32
14.reg,2122,33
14.reg,2241,34
14.reg,2246,35
14.reg,2247,36
14.reg,2248,37
14.reg,2249,38
14.reg,2250,39
14.reg,2251,40
14.reg,2252,41
14.reg,2280,42
14.reg,2287,43
14.reg,2292,44
14.reg,2293,45
14.reg,2308,46
14.reg,2309,47
14.reg,2312,48
14.reg,2313,49
14.reg,2314,50
14.reg,2315,51
14.reg,2316,52
14.reg,2317,53
14.reg,2318,54
14.reg,2319,55
14.reg,2320,56
14.reg,2321,57
14.reg,2322,58
14.reg,2323,59
14.reg,2324,60
14.reg,2325,61
14.reg,2326,62
14.reg,2329,63
14.reg,2332,64
14.reg,2338,65
14.reg,2342,66
14.reg,2345,67
14.reg,2346,68
14.reg,2347,69
14.reg,2348,70
14.reg,2350,71
14.reg,2351,72
14.reg,2352,73
14.reg,2353,74
14.reg,2354,75
14.reg,2355,76
14.reg,2356,77
14.reg,2507,78
14.reg,2511,79
14.reg,2527,80
14.reg,2912,81
14.reg,2913,82
14.reg,2915,83
14.reg,2919,84
14.reg,2004,85
14.reg,2007,86
15.ida,1014,1
15.ida,1015,2
15.ida,1304,3
15.ida,1305,4
15.ida,1311,5
15.ida,1320,6
15.ida,1324,7
15.ida,1327,8
15.ida,1329,9
15.ida,1333,10
15.ida,1334,11
15.ida,1340,12
15.ida,1455,13
15.ida,1538,14
15.ida,1653,15
15.ida,1663,16
15.ida,1672,17
15.ida,1728,18
15.ida,1732,19
15.ida,1737,20
15.ida,1744,21
15.ida,1745,22
15.ida,1749,23
15.ida,1949,24
15.ida,1956,25
15.ida,1958,26
15.ida,1971,27
15.ida,1982,28
15.ida,2172,29
15.ida,2191,30
15.ida,2206,31
15.ida,2357,32
15.ida,2358,33
15.ida,2359,34
15.ida,2366,35
15.ida,2376,36
15.ida,2377,37
15.ida,2381,38
15.ida,2382,39
15.ida,2386,40
15.ida,2389,41
15.ida,2391,42
15.ida,2397,43
15.ida,2398,44
15.ida,2399,45
15.ida,2404,46
15.ida,2426,47
15.ida,2573,48
15.ida,2574,49
15.ida,2575,50
15.ida,2576,51
15.ida,2577,52
15.ida,2578,53
15.ida,2580,54
15.ida,2582,55
15.ida,2583,56
15.ida,2584,57
15.ida,2585,58
15.ida,2586,59
15.ida,2587,60
15.ida,2588,61
15.ida,2589,62
15.ida,2590,63
15.ida,2591,64
15.ida,2592,65
15.ida,2595,66
15.ida,2596,67
15.ida,2597,68
15.ida,2600,69
15.ida,2601,70
15.ida,2602,71
15.ida,2657,72
15.reg,1245,1
15.reg,1246,2
15.reg,1250,3
15.reg,1251,4
15.reg,1253,5
15.reg,1258,6
15.reg,1261,7
15.reg,1266,8
15.reg,1267,9
15.reg,1270,10
15.reg,1533,11
15.reg,1537,12
15.reg,1544,13
15.reg,1548,14
15.reg,1552,15
15.reg,1554,16
15.reg,1669,17
15.reg,1719,18
15.reg,1858,19
15.reg,1863,20
15.reg,1873,21
15.reg,1875,22
15.reg,1879,23
15.reg,1884,24
15.reg,1885,25
15.reg,2308,26
15.reg,2324,27
15.reg,2367,28
15.reg,2512,29
15.reg,2513,30
15.reg,2514,31
15.reg,2527,32
15.reg,2528,33
15.reg,2531,34
15.reg,2542,35
15.reg,2543,36
15.reg,2547,37
15.reg,2549,38
15.reg,2550,39
15.reg,2562,40
15.reg,2726,41
15.reg,2727,42
15.reg,2728,43
15.reg,2729,44
15.reg,2730,45
15.reg,2731,46
15.reg,2786,47
15.reg,2789,48
15.reg,2790,49
15.reg,2791,50
15.reg,2792,51
15.reg,2793,52
15.reg,2794,53
15.reg,2795,54
15.reg,2796,55
15.reg,2797,56
15.reg,2798,57
15.reg,2799,58
15.reg,2802,59
15.reg,2803,60
15.reg,2804,61
15.reg,2805,62
15.reg,2806,63
15.reg,2807,64
15.reg,2808,65
15.reg,2809,66
15.reg,3100,67
16.ida,207,1
16.ida,208,2
16.ida,209,3
16.ida,210,4
16.ida,211,5
16.ida,212,6
16.ida,220,7
16.ida,548,8
16.ida,711,9
16.ida,847,10
16.ida,848,11
16.ida,852,12
16.ida,1017,13
16.ida,1351,14
16.ida,1352,15
16.ida,1370,16
16.ida,1476,17
16.ida,1481,18
16.ida,1483,19
16.ida,1486,20
16.ida,1989,21
16.ida,1994,22
16.ida,2838,23
16.ida,2841,24
16.ida,2845,25
16.ida,2848,26
16.ida,2859,27
16.ida,2860,28
16.ida,2863,29
16.ida,2864,30
16.ida,2865,31
16.ida,2866,32
16.ida,2867,33
16.ida,2868,34
16.ida,2869,35
16.ida,2870,36
16.ida,2871,37
16.ida,2872,38
16.ida,2873,39
16.ida,2874,40
16.ida,2875,41
16.ida,2999,42
16.ida,3008,43
16.ida,3009,44
16.ida,3016,45
16.ida,3017,46
16.ida,3020,47
16.ida,3401,48
16.ida,3402,49
16.ida,3403,50
16.ida,3404,51
16.ida,3408,52
16.reg,194,1
16.reg,196,2
16.reg,197,3
16.reg,198,4
16.reg,202,5
16.reg,203,6
16.reg,205,7
16.reg,206,8
16.reg,1212,9
16.reg,1217,10
16.reg,1222,11
16.reg,1223,12
16.reg,1232,13
16.reg,1415,14
16.reg,1420,15
16.reg,1423,16
16.reg,1424,17
16.reg,1484,18
16.reg,1485,19
16.reg,1681,20
16.reg,1682,21
16.reg,2034,22
16.reg,2036,23
16.reg,2050,24
16.reg,2059,25
16.reg,2061,26
16.reg,2280,27
16.reg,2287,28
16.reg,2876,29
16.reg,2877,30
16.reg,2878,31
16.reg,2879,32
16.reg,2880,33
16.reg,2881,34
16.reg,2882,35
16.reg,2883,36
16.reg,2884,37
16.reg,2885,38
16.reg,2886,39
16.reg,2887,40
16.reg,2888,41
16.reg,2889,42
16.reg,2890,43
16.reg,2891,44
16.reg,2892,45
16.reg,2894,46
16.reg,2895,47
16.reg,2900,48
16.reg,2903,49
16.reg,2904,50
16.reg,2912,51
16.reg,2913,52
16.reg,2915,53
16.reg,2919,54
16.reg,2925,55
16.reg,2929,56
16.reg,2953,57
16.reg,2959,58
16.reg,3405,59
16.reg,3406,60
16.reg,3407,61
17.ida,1014,1
17.ida,1021,2
17.ida,1024,3
17.ida,1311,4
17.ida,1313,5
17.ida,1318,6
17.ida,1320,7
17.ida,1324,8
17.ida,1327,9
17.ida,1329,10
17.ida,1333,11
17.ida,1334,12
17.ida,1340,13
17.ida,1341,14
17.ida,1351,15
17.ida,1352,16
17.ida,1476,17
17.ida,1481,18
17.ida,1483,19
17.ida,1484,20
17.ida,1485,21
17.ida,1486,22
17.ida,1490,23
17.ida,1491,24
17.ida,1492,25
17.ida,1493,26
17.ida,1494,27
17.ida,1495,28
17.ida,1496,29
17.ida,1497,30
17.ida,1498,31
17.ida,1499,32
17.ida,1500,33
17.ida,1501,34
17.ida,1502,35
17.ida,1503,36
17.ida,1504,37
17.ida,1505,38
17.ida,1506,39
17.ida,1508,40
17.ida,1511,41
17.ida,1512,42
17.ida,1513,43
17.ida,1514,44
17.ida,1538,45
17.ida,1672,46
17.ida,1697,47
17.ida,1728,48
17.ida,1744,49
17.ida,1745,50
17.ida,1749,51
17.ida,1909,52
17.ida,1910,53
17.ida,1911,54
17.ida,1912,55
17.ida,1913,56
17.ida,1914,57
17.ida,1915,58
17.ida,1916,59
17.ida,1917,60
17.ida,1918,61
17.ida,1919,62
17.ida,1920,63
17.ida,1922,64
17.ida,1923,65
17.ida,1925,66
17.ida,1930,67
17.ida,1939,68
17.ida,1941,69
17.ida,1942,70
17.ida,1943,71
17.ida,1944,72
17.ida,1949,73
17.ida,1951,74
17.ida,1956,75
17.ida,1958,76
17.ida,1971,77
17.ida,1978,78
17.ida,1982,79
17.ida,1989,80
17.ida,1994,81
17.ida,2107,82
17.ida,2146,83
17.ida,2149,84
17.ida,2151,85
17.ida,2152,86
17.ida,2153,87
17.ida,2155,88
17.ida,2157,89
17.ida,2158,90
17.ida,2159,91
17.ida,2166,92
17.ida,2172,93
17.ida,2190,94
17.ida,2191,95
17.ida,2389,96
17.ida,2391,97
17.ida,2397,98
17.ida,2398,99
17.ida,2399,100
17.ida,2404,101
17.ida,2419,102
17.ida,2426,103
17.ida,2830,104
17.ida,2838,105
17.ida,2841,106
17.ida,2845,107
17.ida,2999,108
17.ida,3007,109
17.ida,3008,110
17.ida,3009,111
17.ida,3016,112
17.ida,3041,113
17.ida,2333,114
17.ida,2334,115
17.ida,2335,116
17.ida,2336,117
17.ida,2337,118
17.reg,906,1
17.reg,908,2
17.reg,1013,3
17.reg,1197,4
17.reg,1198,5
17.reg,1217,6
17.reg,1222,7
17.reg,1223,8
17.reg,1232,9
17.reg,1245,10
17.reg,1246,11
17.reg,1250,12
17.reg,1251,13
17.reg,1253,14
17.reg,1258,15
17.reg,1261,16
17.reg,1266,17
17.reg,1267,18
17.reg,1270,19
17.reg,1384,20
17.reg,1385,21
17.reg,1386,22
17.reg,1387,23
17.reg,1388,24
17.reg,1390,25
17.reg,1391,26
17.reg,1392,27
17.reg,1393,28
17.reg,1394,29
17.reg,1395,30
17.reg,1396,31
17.reg,1397,32
17.reg,1398,33
17.reg,1399,34
17.reg,1400,35
17.reg,1401,36
17.reg,1402,37
17.reg,1403,38
17.reg,1404,39
17.reg,1405,40
17.reg,1406,41
17.reg,1407,42
17.reg,1415,43
17.reg,1420,44
17.reg,1423,45
17.reg,1424,46
17.reg,1531,47
17.reg,1533,48
17.reg,1537,49
17.reg,1544,50
17.reg,1552,51
17.reg,1554,52
17.reg,1669,53
17.reg,1858,54
17.reg,1863,55
17.reg,1873,56
17.reg,1875,57
17.reg,1879,58
17.reg,2036,59
17.reg,2050,60
17.reg,2059,61
17.reg,2061,62
17.reg,2071,63
17.reg,2089,64
17.reg,2102,65
17.reg,2103,66
17.reg,2105,67
17.reg,2106,68
17.reg,2108,69
17.reg,2109,70
17.reg,2110,71
17.reg,2111,72
17.reg,2112,73
17.reg,2113,74
17.reg,2114,75
17.reg,2116,76
17.reg,2117,77
17.reg,2122,78
17.reg,2124,79
17.reg,2126,80
17.reg,2127,81
17.reg,2128,82
17.reg,2129,83
17.reg,2130,84
17.reg,2131,85
17.reg,2132,86
17.reg,2133,87
17.reg,2134,88
17.reg,2135,89
17.reg,2136,90
17.reg,2137,91
17.reg,2138,92
17.reg,2280,93
17.reg,2287,94
17.reg,2293,95
17.reg,2308,96
17.reg,2324,97
17.reg,2326,98
17.reg,2329,99
17.reg,2342,100
17.reg,2345,101
17.reg,2346,102
17.reg,2347,103
17.reg,2348,104
17.reg,2350,105
17.reg,2352,106
17.reg,2507,107
17.reg,2509,108
17.reg,2511,109
17.reg,2527,110
17.reg,2528,111
17.reg,2531,112
17.reg,2900,113
17.reg,2903,114
17.reg,2904,115
17.reg,2912,116
17.reg,2913,117
17.reg,2915,118
17.reg,2919,119
17.reg,2959,120
17.reg,2984,121
17.reg,2160,122
17.reg,2161,123
17.reg,2162,124
17.reg,2163,125
18.ida,194,1
18.ida,196,2
18.ida,197,3
18.ida,202,4
18.ida,203,5
18.ida,205,6
18.ida,206,7
18.ida,628,8
18.ida,629,9
18.ida,1299,10
18.ida,1300,11
18.ida,1304,12
18.ida,1305,13
18.ida,1311,14
18.ida,1312,15
18.ida,1313,16
18.ida,1316,17
18.ida,1317,18
18.ida,1318,19
18.ida,1320,20
18.ida,1324,21
18.ida,1327,22
18.ida,1329,23
18.ida,1333,24
18.ida,1334,25
18.ida,1663,26
18.ida,1669,27
18.ida,1672,28
18.ida,1681,29
18.ida,1682,30
18.ida,1728,31
18.ida,1744,32
18.ida,1745,33
18.ida,1749,34
18.ida,1949,35
18.ida,1958,36
18.ida,1971,37
18.ida,2191,38
18.ida,2325,39
18.ida,2386,40
18.ida,2389,41
18.ida,2391,42
18.ida,2397,43
18.ida,2398,44
18.ida,2404,45
18.ida,2602,46
18.ida,2925,47
18.ida,2929,48
18.ida,3350,49
18.ida,3351,50
18.ida,3352,51
18.ida,3353,52
18.ida,3354,53
18.ida,3355,54
18.ida,3356,55
18.ida,3357,56
18.ida,3358,57
18.ida,3359,58
18.ida,3360,59
18.ida,3361,60
18.ida,3362,61
18.ida,3363,62
18.ida,3364,63
18.ida,3365,64
18.ida,3366,65
18.ida,3367,66
18.ida,3368,67
18.ida,3369,68
18.ida,3376,69
18.ida,3377,70
18.ida,3378,71
18.ida,3379,72
18.ida,3398,73
18.ida,3399,74
18.ida,3400,75
18.reg,207,1
18.reg,208,2
18.reg,209,3
18.reg,210,4
18.reg,211,5
18.reg,912,6
18.reg,1069,7
18.reg,1245,8
18.reg,1246,9
18.reg,1250,10
18.reg,1251,11
18.reg,1253,12
18.reg,1258,13
18.reg,1261,14
18.reg,1266,15
18.reg,1267,16
18.reg,1270,17
18.reg,1274,18
18.reg,1275,19
18.reg,1276,20
18.reg,1526,21
18.reg,1537,22
18.reg,1538,23
18.reg,1544,24
18.reg,1548,25
18.reg,1552,26
18.reg,1554,27
18.reg,1858,28
18.reg,1863,29
18.reg,1868,30
18.reg,1873,31
18.reg,1875,32
18.reg,1879,33
18.reg,1884,34
18.reg,2293,35
18.reg,2308,36
18.reg,2324,37
18.reg,2511,38
18.reg,2527,39
18.reg,2531,40
18.reg,2542,41
18.reg,2543,42
18.reg,2820,43
18.reg,3300,44
18.reg,3301,45
18.reg,3302,46
18.reg,3303,47
18.reg,3304,48
18.reg,3305,49
18.reg,3306,50
18.reg,3307,51
18.reg,3308,52
18.reg,3309,53
18.reg,3310,54
18.reg,3311,55
18.reg,3312,56
18.reg,3313,57
18.reg,3314,58
18.reg,3315,59
18.reg,3316,60
18.reg,3317,61
18.reg,3318,62
18.reg,3319,63
18.reg,3380,64
18.reg,3381,65
18.reg,3382,66
18.reg,3384,67
18.reg,3385,68
18.reg,3395,69
18.reg,3396,70
18.reg,3397,71
19.ida,207,1
19.ida,208,2
19.ida,209,3
19.ida,210,4
19.ida,211,5
19.ida,1069,6
19.ida,1245,7
19.ida,1246,8
19.ida,1250,9
19.ida,1251,10
19.ida,1253,11
19.ida,1258,12
19.ida,1261,13
19.ida,1266,14
19.ida,1267,15
19.ida,1526,16
19.ida,1531,17
19.ida,1533,18
19.ida,1537,19
19.ida,1538,20
19.ida,1544,21
19.ida,1548,22
19.ida,1552,23
19.ida,1554,24
19.ida,1558,25
19.ida,1559,26
19.ida,1560,27
19.ida,1561,28
19.ida,1563,29
19.ida,1564,30
19.ida,1565,31
19.ida,1566,32
19.ida,1567,33
19.ida,1568,34
19.ida,1569,35
19.ida,1570,36
19.ida,1571,37
19.ida,1572,38
19.ida,1573,39
19.ida,1574,40
19.ida,1575,41
19.ida,1576,42
19.ida,1577,43
19.ida,1578,44
19.ida,1579,45
19.ida,1580,46
19.ida,1581,47
19.ida,1582,48
19.ida,1583,49
19.ida,1605,50
19.ida,1606,51
19.ida,1607,52
19.ida,1608,53
19.ida,1609,54
19.ida,1610,55
19.ida,1611,56
19.ida,1612,57
19.ida,1613,58
19.ida,1858,59
19.ida,1863,60
19.ida,1868,61
19.ida,1873,62
19.ida,1875,63
19.ida,1879,64
19.ida,2071,65
19.ida,2293,66
19.ida,2308,67
19.ida,2511,68
19.ida,2514,69
19.ida,2527,70
19.ida,2531,71
19.ida,2820,72
19.ida,3398,73
19.ida,3399,74
19.ida,3400,75
19.reg,191,1
19.reg,194,2
19.reg,196,3
19.reg,197,4
19.reg,202,5
19.reg,203,6
19.reg,205,7
19.reg,206,8
19.reg,629,9
19.reg,1014,10
19.reg,1311,11
19.reg,1313,12
19.reg,1318,13
19.reg,1320,14
19.reg,1324,15
19.reg,1327,16
19.reg,1329,17
19.reg,1334,18
19.reg,1614,19
19.reg,1615,20
19.reg,1616,21
19.reg,1617,22
19.reg,1618,23
19.reg,1619,24
19.reg,1620,25
19.reg,1621,26
19.reg,1622,27
19.reg,1623,28
19.reg,1624,29
19.reg,1625,30
19.reg,1626,31
19.reg,1627,32
19.reg,1628,33
19.reg,1629,34
19.reg,1630,35
19.reg,1631,36
19.reg,1632,37
19.reg,1633,38
19.reg,1634,39
19.reg,1635,40
19.reg,1636,41
19.reg,1637,42
19.reg,1638,43
19.reg,1639,44
19.reg,1640,45
19.reg,1641,46
19.reg,1642,47
19.reg,1643,48
19.reg,1644,49
19.reg,1645,50
19.reg,1646,51
19.reg,1647,52
19.reg,1648,53
19.reg,1649,54
19.reg,1653,55
19.reg,1660,56
19.reg,1663,57
19.reg,1669,58
19.reg,1672,59
19.reg,1674,60
19.reg,1681,61
19.reg,1682,62
19.reg,1728,63
19.reg,1744,64
19.reg,1745,65
19.reg,1749,66
19.reg,1949,67
19.reg,1956,68
19.reg,1971,69
19.reg,2191,70
19.reg,2397,71
19.reg,2398,72
19.reg,2399,73
19.reg,2404,74
19.reg,2419,75
19.reg,2929,76
19.reg,3395,77
19.reg,3396,78
19.reg,3397,79
60.ida,4,1
60.ida,5,2
60.ida,6,3
60.ida,23,4
60.ida,24,5
60.ida,26,6
60.ida,29,7
60.ida,40,8
60.ida,60,9
60.ida,63,10
60.ida,64,11
60.ida,177,12
60.ida,178,13
60.ida,219,14
60.ida,273,15
60.ida,274,16
60.ida,275,17
60.ida,276,18
60.ida,277,19
60.ida,278,20
60.ida,279,21
60.ida,280,22
60.ida,281,23
60.ida,282,24
60.ida,283,25
60.ida,284,26
60.ida,291,27
60.ida,294,28
60.ida,295,29
60.ida,296,30
60.ida,299,31
60.ida,300,32
60.ida,304,33
60.ida,306,34
60.ida,307,35
60.ida,308,36
60.ida,311,37
60.ida,312,38
60.ida,313,39
60.ida,316,40
60.ida,317,41
60.ida,318,42
60.ida,320,43
60.ida,324,44
60.ida,326,45
60.ida,328,46
60.ida,329,47
60.ida,330,48
60.ida,331,49
60.ida,333,50
60.ida,334,51
60.ida,335,52
60.ida,336,53
60.ida,337,54
60.ida,338,55
60.ida,339,56
60.ida,340,57
60.ida,341,58
60.ida,465,59
60.ida,467,60
60.ida,473,61
60.ida,483,62
60.ida,485,63
60.ida,624,64
60.ida,777,65
60.ida,942,66
60.ida,991,67
60.ida,993,68
60.ida,999,69
60.ida,1074,70
60.ida,1075,71
60.ida,1106,72
60.reg,77,1
60.reg,79,2
60.reg,81,3
60.reg,82,4
60.reg,84,5
60.reg,85,6
60.reg,116,7
60.reg,120,8
60.reg,123,9
60.reg,125,10
60.reg,236,11
60.reg,267,12
60.reg,269,13
60.reg,342,14
60.reg,343,15
60.reg,344,16
60.reg,345,17
60.reg,346,18
60.reg,347,19
60.reg,348,20
60.reg,349,21
60.reg,350,22
60.reg,353,23
60.reg,355,24
60.reg,358,25
60.reg,361,26
60.reg,362,27
60.reg,363,28
60.reg,365,29
60.reg,369,30
60.reg,370,31
60.reg,374,32
60.reg,376,33
60.reg,382,34
60.reg,383,35
60.reg,385,36
60.reg,386,37
60.reg,387,38
60.reg,388,39
60.reg,390,40
60.reg,397,41
60.reg,401,42
60.reg,402,43
60.reg,403,44
60.reg,404,45
60.reg,405,46
60.reg,406,47
60.reg,407,48
60.reg,408,49
60.reg,409,50
60.reg,410,51
60.reg,412,52
60.reg,535,53
60.reg,538,54
60.reg,539,55
60.reg,542,56
60.reg,543,57
60.reg,544,58
60.reg,548,59
60.reg,555,60
60.reg,716,61
60.reg,717,62
60.reg,813,63
60.reg,841,64
60.reg,856,65
60.reg,857,66
60.reg,914,67
60.reg,932,68
60.reg,933,69
60.reg,934,70
60.reg,936,71
60.reg,986,72
60.reg,1142,73
61.ida,44,1
61.ida,49,2
61.ida,50,3
61.ida,51,4
61.ida,53,5
61.ida,54,6
61.ida,187,7
61.ida,604,8
61.ida,605,9
61.ida,606,10
61.ida,607,11
61.ida,608,12
61.ida,609,13
61.ida,610,14
61.ida,611,15
61.ida,614,16
61.ida,615,17
61.ida,616,18
61.ida,617,19
61.ida,618,20
61.ida,619,21
61.ida,620,22
61.ida,621,23
61.ida,622,24
61.ida,623,25
61.ida,624,26
61.ida,628,27
61.ida,629,28
61.ida,638,29
61.ida,639,30
61.ida,640,31
61.ida,641,32
61.ida,642,33
61.ida,643,34
61.ida,644,35
61.ida,645,36
61.ida,646,37
61.ida,647,38
61.ida,648,39
61.ida,649,40
61.ida,650,41
61.ida,651,42
61.ida,652,43
61.ida,653,44
61.ida,654,45
61.ida,655,46
61.ida,656,47
61.ida,658,48
61.ida,659,49
61.ida,660,50
61.ida,661,51
61.ida,662,52
61.ida,663,53
61.ida,664,54
61.ida,665,55
61.ida,666,56
61.ida,667,57
61.ida,668,58
61.ida,669,59
61.ida,670,60
61.ida,671,61
61.ida,672,62
61.ida,673,63
61.ida,752,64
61.ida,753,65
61.ida,768,66
61.ida,3115,67
61.reg,92,1
61.reg,220,2
61.reg,548,3
61.reg,675,4
61.reg,676,5
61.reg,677,6
61.reg,678,7
61.reg,679,8
61.reg,680,9
61.reg,681,10
61.reg,682,11
61.reg,683,12
61.reg,684,13
61.reg,685,14
61.reg,686,15
61.reg,687,16
61.reg,688,17
61.reg,689,18
61.reg,690,19
61.reg,691,20
61.reg,692,21
61.reg,693,22
61.reg,694,23
61.reg,695,24
61.reg,696,25
61.reg,698,26
61.reg,699,27
61.reg,700,28
61.reg,701,29
61.reg,702,30
61.reg,703,31
61.reg,704,32
61.reg,705,33
61.reg,711,34
61.reg,716,35
61.reg,717,36
61.reg,718,37
61.reg,719,38
61.reg,720,39
61.reg,721,40
61.reg,722,41
61.reg,723,42
61.reg,724,43
61.reg,725,44
61.reg,726,45
61.reg,727,46
61.reg,728,47
61.reg,729,48
61.reg,730,49
61.reg,731,50
61.reg,732,51
61.reg,733,52
61.reg,734,53
61.reg,735,54
61.reg,737,55
61.reg,814,56
61.reg,847,57
61.reg,848,58
61.reg,871,59
61.reg,1017,60
61.reg,1018,61
61.reg,3120,62
62.ida,40,1
62.ida,304,2
62.ida,306,3
62.ida,308,4
62.ida,311,5
62.ida,312,6
62.ida,313,7
62.ida,316,8
62.ida,317,9
62.ida,320,10
62.ida,414,11
62.ida,415,12
62.ida,416,13
62.ida,417,14
62.ida,418,15
62.ida,419,16
62.ida,420,17
62.ida,421,18
62.ida,422,19
62.ida,423,20
62.ida,424,21
62.ida,425,22
62.ida,426,23
62.ida,427,24
62.ida,428,25
62.ida,429,26
62.ida,430,27
62.ida,431,28
62.ida,432,29
62.ida,433,30
62.ida,434,31
62.ida,435,32
62.ida,436,33
62.ida,437,34
62.ida,438,35
62.ida,439,36
62.ida,440,37
62.ida,441,38
62.ida,442,39
62.ida,443,40
62.ida,444,41
62.ida,445,42
62.ida,446,43
62.ida,447,44
62.ida,448,45
62.ida,449,46
62.ida,450,47
62.ida,451,48
62.ida,452,49
62.ida,453,50
62.ida,454,51
62.ida,455,52
62.ida,456,53
62.ida,457,54
62.ida,458,55
62.ida,459,56
62.ida,460,57
62.ida,461,58
62.ida,462,59
62.ida,463,60
62.ida,464,61
62.ida,465,62
62.ida,467,63
62.ida,473,64
62.ida,482,65
62.ida,483,66
62.ida,485,67
62.ida,487,68
62.ida,488,69
62.ida,489,70
62.ida,490,71
62.ida,491,72
62.ida,492,73
62.ida,493,74
62.ida,494,75
62.ida,495,76
62.ida,498,77
62.ida,499,78
62.ida,500,79
62.ida,501,80
62.ida,502,81
62.ida,503,82
62.ida,504,83
62.ida,505,84
62.ida,506,85
62.ida,507,86
62.ida,624,87
62.ida,760,88
62.ida,763,89
62.ida,777,90
62.ida,1074,91
62.ida,1075,92
62.ida,1097,93
62.ida,1098,94
62.ida,3110,95
62.reg,365,1
62.reg,369,2
62.reg,370,3
62.reg,374,4
62.reg,382,5
62.reg,383,6
62.reg,385,7
62.reg,508,8
62.reg,509,9
62.reg,510,10
62.reg,511,11
62.reg,512,12
62.reg,513,13
62.reg,514,14
62.reg,515,15
62.reg,517,16
62.reg,518,17
62.reg,519,18
62.reg,520,19
62.reg,522,20
62.reg,523,21
62.reg,524,22
62.reg,525,23
62.reg,526,24
62.reg,527,25
62.reg,528,26
62.reg,529,27
62.reg,530,28
62.reg,531,29
62.reg,532,30
62.reg,533,31
62.reg,534,32
62.reg,535,33
62.reg,538,34
62.reg,539,35
62.reg,542,36
62.reg,543,37
62.reg,544,38
62.reg,548,39
62.reg,555,40
62.reg,557,41
62.reg,558,42
62.reg,559,43
62.reg,560,44
62.reg,561,45
62.reg,562,46
62.reg,563,47
62.reg,564,48
62.reg,565,49
62.reg,566,50
62.reg,567,51
62.reg,568,52
62.reg,569,53
62.reg,570,54
62.reg,571,55
62.reg,572,56
62.reg,573,57
62.reg,574,58
62.reg,575,59
62.reg,576,60
62.reg,577,61
62.reg,578,62
62.reg,579,63
62.reg,580,64
62.reg,581,65
62.reg,582,66
62.reg,583,67
62.reg,584,68
62.reg,585,69
62.reg,586,70
62.reg,587,71
62.reg,588,72
62.reg,589,73
62.reg,590,74
62.reg,591,75
62.reg,592,76
62.reg,593,77
62.reg,594,78
62.reg,595,79
62.reg,596,80
62.reg,597,81
62.reg,598,82
62.reg,599,83
62.reg,600,84
62.reg,601,85
62.reg,602,86
62.reg,603,87
62.reg,716,88
62.reg,717,89
62.reg,815,90
62.reg,841,91
62.reg,856,92
62.reg,857,93
62.reg,914,94
62.reg,1018,95
62.reg,1147,96
62.reg,1151,97
63.ida,4,1
63.ida,5,2
63.ida,6,3
63.ida,40,4
63.ida,44,5
63.ida,146,6
63.ida,147,7
63.ida,148,8
63.ida,149,9
63.ida,150,10
63.ida,151,11
63.ida,152,12
63.ida,153,13
63.ida,154,14
63.ida,155,15
63.ida,156,16
63.ida,157,17
63.ida,158,18
63.ida,159,19
63.ida,160,20
63.ida,161,21
63.ida,162,22
63.ida,163,23
63.ida,164,24
63.ida,165,25
63.ida,166,26
63.ida,167,27
63.ida,168,28
63.ida,169,29
63.ida,170,30
63.ida,171,31
63.ida,172,32
63.ida,173,33
63.ida,175,34
63.ida,176,35
63.ida,177,36
63.ida,178,37
63.ida,179,38
63.ida,180,39
63.ida,181,40
63.ida,187,41
63.ida,191,42
63.ida,294,43
63.ida,304,44
63.ida,467,45
63.ida,624,46
63.ida,628,47
63.ida,629,48
63.ida,3119,49
63.ida,3121,50
63.ida,3122,51
63.ida,3123,52
63.ida,3124,53
63.ida,3125,54
63.ida,3126,55
63.ida,3127,56
63.ida,3128,57
63.ida,3129,58
63.ida,3130,59
63.ida,3131,60
63.ida,3132,61
63.ida,3133,62
63.reg,220,1
63.reg,228,2
63.reg,234,3
63.reg,236,4
63.reg,238,5
63.reg,239,6
63.reg,240,7
63.reg,241,8
63.reg,242,9
63.reg,243,10
63.reg,244,11
63.reg,245,12
63.reg,246,13
63.reg,247,14
63.reg,248,15
63.reg,249,16
63.reg,250,17
63.reg,251,18
63.reg,252,19
63.reg,253,20
63.reg,254,21
63.reg,255,22
63.reg,256,23
63.reg,257,24
63.reg,258,25
63.reg,259,26
63.reg,260,27
63.reg,261,28
63.reg,262,29
63.reg,263,30
63.reg,264,31
63.reg,265,32
63.reg,266,33
63.reg,267,34
63.reg,269,35
63.reg,388,36
63.reg,390,37
63.reg,412,38
63.reg,548,39
63.reg,716,40
63.reg,717,41
63.reg,816,42
63.reg,852,43
63.reg,856,44
63.reg,914,45
63.reg,3134,46
63.reg,3135,47
63.reg,3136,48
63.reg,3137,49
63.reg,3138,50
63.reg,3139,51
63.reg,3140,52
63.reg,3141,53
63.reg,3142,54
63.reg,3143,55
63.reg,3144,56
63.reg,3145,57
63.reg,3146,58
63.reg,3147,59
63.reg,806,60
63.reg,807,61
63.reg,3389,62
63.reg,3390,63
63.reg,3391,64
63.reg,3392,65
64.ida,60,1
64.ida,308,2
64.ida,317,3
64.ida,320,4
64.ida,473,5
64.ida,482,6
64.ida,483,7
64.ida,485,8
64.ida,604,9
64.ida,605,10
64.ida,632,11
64.ida,634,12
64.ida,740,13
64.ida,741,14
64.ida,742,15
64.ida,743,16
64.ida,744,17
64.ida,745,18
64.ida,746,19
64.ida,747,20
64.ida,748,21
64.ida,749,22
64.ida,750,23
64.ida,751,24
64.ida,752,25
64.ida,753,26
64.ida,754,27
64.ida,755,28
64.ida,756,29
64.ida,763,30
64.ida,764,31
64.ida,765,32
64.ida,766,33
64.ida,768,34
64.ida,769,35
64.ida,770,36
64.ida,771,37
64.ida,777,38
64.ida,779,39
64.ida,780,40
64.ida,781,41
64.ida,782,42
64.ida,783,43
64.ida,784,44
64.ida,785,45
64.ida,786,46
64.ida,787,47
64.ida,788,48
64.ida,792,49
64.ida,793,50
64.ida,794,51
64.ida,795,52
64.ida,796,53
64.ida,797,54
64.ida,798,55
64.ida,3150,56
64.ida,3151,57
64.ida,3152,58
64.ida,3153,59
64.ida,3154,60
64.ida,3155,61
64.ida,3156,62
64.ida,3393,63
64.reg,220,1
64.reg,361,2
64.reg,362,3
64.reg,363,4
64.reg,365,5
64.reg,535,6
64.reg,538,7
64.reg,548,8
64.reg,711,9
64.reg,716,10
64.reg,717,11
64.reg,735,12
64.reg,737,13
64.reg,817,14
64.reg,818,15
64.reg,819,16
64.reg,820,17
64.reg,821,18
64.reg,827,19
64.reg,828,20
64.reg,829,21
64.reg,830,22
64.reg,831,23
64.reg,832,24
64.reg,833,25
64.reg,834,26
64.reg,835,27
64.reg,841,28
64.reg,843,29
64.reg,844,30
64.reg,846,31
64.reg,847,32
64.reg,848,33
64.reg,852,34
64.reg,856,35
64.reg,857,36
64.reg,858,37
64.reg,859,38
64.reg,860,39
64.reg,861,40
64.reg,862,41
64.reg,863,42
64.reg,864,43
64.reg,865,44
64.reg,866,45
64.reg,867,46
64.reg,868,47
64.reg,869,48
64.reg,871,49
64.reg,1017,50
64.reg,3394,51
65.ida,4,1
65.ida,5,2
65.ida,6,3
65.ida,7,4
65.ida,8,5
65.ida,9,6
65.ida,10,7
65.ida,11,8
65.ida,12,9
65.ida,13,10
65.ida,14,11
65.ida,15,12
65.ida,16,13
65.ida,17,14
65.ida,18,15
65.ida,19,16
65.ida,20,17
65.ida,21,18
65.ida,22,19
65.ida,23,20
65.ida,33,21
65.ida,34,22
65.ida,36,23
65.ida,37,24
65.ida,44,25
65.ida,47,26
65.ida,49,27
65.ida,50,28
65.ida,51,29
65.ida,53,30
65.ida,54,31
65.ida,56,32
65.ida,57,33
65.ida,58,34
65.ida,59,35
65.ida,60,36
65.ida,63,37
65.ida,64,38
65.ida,70,39
65.ida,71,40
65.ida,187,41
65.ida,304,42
65.ida,324,43
65.ida,326,44
65.ida,328,45
65.ida,329,46
65.ida,330,47
65.ida,331,48
65.ida,444,49
65.ida,445,50
65.ida,446,51
65.ida,447,52
65.ida,448,53
65.ida,449,54
65.ida,450,55
65.ida,451,56
65.ida,452,57
65.ida,453,58
65.ida,454,59
65.ida,455,60
65.ida,456,61
65.ida,457,62
65.ida,458,63
65.ida,459,64
65.ida,460,65
65.ida,461,66
65.ida,462,67
65.ida,467,68
65.ida,503,69
65.ida,504,70
65.ida,505,71
65.ida,506,72
65.ida,507,73
65.ida,624,74
65.ida,629,75
65.ida,638,76
65.ida,748,77
65.ida,749,78
65.ida,768,79
65.ida,1004,80
65.ida,1005,81
65.ida,1006,82
65.ida,1106,83
65.reg,74,1
65.reg,75,2
65.reg,77,3
65.reg,79,4
65.reg,81,5
65.reg,82,6
65.reg,83,7
65.reg,84,8
65.reg,85,9
65.reg,88,10
65.reg,89,11
65.reg,90,12
65.reg,92,13
65.reg,93,14
65.reg,94,15
65.reg,95,16
65.reg,100,17
65.reg,103,18
65.reg,104,19
65.reg,106,20
65.reg,107,21
65.reg,110,22
65.reg,111,23
65.reg,112,24
65.reg,113,25
65.reg,125,26
65.reg,126,27
65.reg,127,28
65.reg,128,29
65.reg,129,30
65.reg,130,31
65.reg,131,32
65.reg,132,33
65.reg,133,34
65.reg,134,35
65.reg,135,36
65.reg,136,37
65.reg,137,38
65.reg,142,39
65.reg,267,40
65.reg,353,41
65.reg,355,42
65.reg,361,43
65.reg,362,44
65.reg,381,45
65.reg,412,46
65.reg,509,47
65.reg,510,48
65.reg,511,49
65.reg,512,50
65.reg,548,51
65.reg,560,52
65.reg,561,53
65.reg,562,54
65.reg,563,55
65.reg,564,56
65.reg,565,57
65.reg,566,58
65.reg,567,59
65.reg,568,60
65.reg,569,61
65.reg,570,62
65.reg,571,63
65.reg,572,64
65.reg,573,65
65.reg,582,66
65.reg,705,67
65.reg,716,68
65.reg,986,69
65.reg,1142,70
65.reg,1446,71
65.reg,2820,72
65.reg,2821,73
65.reg,2822,74
65.reg,3031,75
65.reg,3033,76
65.reg,3034,77
65.reg,3035,78
65.reg,3046,79
65.reg,3047,80
65.reg,3048,81
66.ida,116,1
66.ida,120,2
66.ida,220,3
66.ida,236,4
66.ida,390,5
66.ida,548,6
66.ida,583,7
66.ida,711,8
66.ida,716,9
66.ida,717,10
66.ida,847,11
66.ida,848,12
66.ida,852,13
66.ida,856,14
66.ida,857,15
66.ida,858,16
66.ida,914,17
66.ida,922,18
66.ida,923,19
66.ida,924,20
66.ida,926,21
66.ida,927,22
66.ida,928,23
66.ida,932,24
66.ida,933,25
66.ida,934,26
66.ida,936,27
66.ida,937,28
66.ida,938,29
66.ida,939,30
66.ida,940,31
66.ida,941,32
66.ida,942,33
66.ida,943,34
66.ida,944,35
66.ida,946,36
66.ida,947,37
66.ida,948,38
66.ida,949,39
66.ida,950,40
66.ida,951,41
66.ida,952,42
66.ida,953,43
66.ida,954,44
66.ida,955,45
66.ida,956,46
66.ida,957,47
66.ida,958,48
66.ida,959,49
66.ida,1017,50
66.ida,3048,51
66.ida,3401,52
66.ida,3402,53
66.ida,3403,54
66.ida,3404,55
66.ida,3408,56
66.reg,22,1
66.reg,26,2
66.reg,29,3
66.reg,44,4
66.reg,175,5
66.reg,187,6
66.reg,291,7
66.reg,294,8
66.reg,304,9
66.reg,433,10
66.reg,434,11
66.reg,435,12
66.reg,467,13
66.reg,624,14
66.reg,961,15
66.reg,962,16
66.reg,963,17
66.reg,964,18
66.reg,965,19
66.reg,966,20
66.reg,967,21
66.reg,968,22
66.reg,969,23
66.reg,970,24
66.reg,971,25
66.reg,972,26
66.reg,973,27
66.reg,974,28
66.reg,975,29
66.reg,976,30
66.reg,977,31
66.reg,978,32
66.reg,979,33
66.reg,980,34
66.reg,981,35
66.reg,982,36
66.reg,983,37
66.reg,984,38
66.reg,986,39
66.reg,988,40
66.reg,989,41
66.reg,990,42
66.reg,991,43
66.reg,993,44
66.reg,996,45
66.reg,999,46
66.reg,1000,47
66.reg,1001,48
66.reg,1002,49
66.reg,1003,50
66.reg,1004,51
66.reg,1005,52
66.reg,1006,53
66.reg,3405,54
66.reg,3406,55
66.reg,3407,56
67.ida,207,1
67.ida,208,2
67.ida,209,3
67.ida,210,4
67.ida,211,5
67.ida,219,6
67.ida,311,7
67.ida,312,8
67.ida,313,9
67.ida,317,10
67.ida,482,11
67.ida,483,12
67.ida,498,13
67.ida,1068,14
67.ida,1069,15
67.ida,1074,16
67.ida,1075,17
67.ida,1076,18
67.ida,1080,19
67.ida,1081,20
67.ida,1082,21
67.ida,1083,22
67.ida,1084,23
67.ida,1085,24
67.ida,1086,25
67.ida,1087,26
67.ida,1088,27
67.ida,1089,28
67.ida,1090,29
67.ida,1091,30
67.ida,1092,31
67.ida,1093,32
67.ida,1094,33
67.ida,1095,34
67.ida,1096,35
67.ida,1097,36
67.ida,1098,37
67.ida,1100,38
67.ida,1101,39
67.ida,1102,40
67.ida,1103,41
67.ida,1104,42
67.ida,1105,43
67.ida,1106,44
67.ida,1107,45
67.ida,1108,46
67.ida,1109,47
67.ida,1110,48
67.ida,1111,49
67.ida,1112,50
67.ida,1113,51
67.ida,1114,52
67.ida,1115,53
67.ida,1116,54
67.ida,1117,55
67.ida,1118,56
67.ida,1119,57
67.ida,1120,58
67.ida,1121,59
67.ida,1122,60
67.ida,1123,61
67.ida,2820,62
67.ida,3398,63
67.ida,3399,64
67.ida,3400,65
67.reg,77,1
67.reg,194,2
67.reg,196,3
67.reg,197,4
67.reg,202,5
67.reg,203,6
67.reg,205,7
67.reg,206,8
67.reg,369,9
67.reg,370,10
67.reg,520,11
67.reg,538,12
67.reg,539,13
67.reg,542,14
67.reg,841,15
67.reg,1124,16
67.reg,1125,17
67.reg,1126,18
67.reg,1127,19
67.reg,1128,20
67.reg,1129,21
67.reg,1130,22
67.reg,1131,23
67.reg,1132,24
67.reg,1133,25
67.reg,1134,26
67.reg,1135,27
67.reg,1136,28
67.reg,1137,29
67.reg,1138,30
67.reg,1139,31
67.reg,1140,32
67.reg,1141,33
67.reg,1142,34
67.reg,1144,35
67.reg,1145,36
67.reg,1146,37
67.reg,1147,38
67.reg,1148,39
67.reg,1149,40
67.reg,1151,41
67.reg,1152,42
67.reg,1153,43
67.reg,1154,44
67.reg,1155,45
67.reg,1156,46
67.reg,1157,47
67.reg,1158,48
67.reg,1159,49
67.reg,1160,50
67.reg,1161,51
67.reg,1162,52
67.reg,1163,53
67.reg,1164,54
67.reg,1165,55
67.reg,1166,56
67.reg,1167,57
67.reg,1168,58
67.reg,1169,59
67.reg,1170,60
67.reg,1171,61
67.reg,1178,62
67.reg,1179,63
67.reg,1180,64
67.reg,1681,65
67.reg,1682,66
67.reg,2929,67
67.reg,3395,68
67.reg,3396,69
67.reg,3397,70
68.ida,3409,1
68.ida,3410,2
68.ida,3411,3
68.ida,3412,4
68.ida,3413,5
68.ida,3414,6
68.ida,3415,7
68.ida,3416,8
68.ida,3417,9
68.ida,3418,10
68.ida,3419,11
68.ida,3420,12
68.ida,3421,13
68.ida,3422,14
68.ida,3423,15
68.ida,3424,16
68.ida,3425,17
68.reg,3426,1
68.reg,3427,2
68.reg,3428,3
68.reg,3429,4
68.reg,3430,5
68.reg,3431,6
68.reg,3432,7
68.reg,3433,8
68.reg,3434,9
68.reg,3435,10
68.reg,3436,11
68.reg,3437,12
68.reg,3438,13
68.reg,3439,14
68.reg,3440,15
68.reg,3441,16
b60.ida,3450,1
b60.ida,3451,2
b60.ida,3452,3
b60.ida,3453,4
b60.ida,3454,5
b60.ida,3455,6
b60.ida,3456,7
b60.ida,3457,8
b60.ida,3458,9
b60.ida,3459,10
b60.ida,3460,11
b60.ida,3461,12
b60.ida,3462,13
b60.ida,3463,14
b60.ida,3464,15
b60.ida,3465,16
b60.reg,3466,1
b60.reg,3467,2
b60.reg,3468,3
b60.reg,3469,4
b60.reg,3470,5
b60.reg,3471,6
b60.reg,3472,7
b60.reg,3473,8
b60.reg,3474,9
b60.reg,3475,10
b60.reg,3476,11
b60.reg,3477,12
b60.reg,3478,13
b60.reg,3479,14
b60.reg,3480,15
b60.reg,3481,16
b61.ida,342,1
b61.ida,343,2
b61.ida,344,3
b61.ida,345,4
b61.ida,346,5
b61.ida,347,6
b61.ida,348,7
b61.ida,349,8
b61.ida,350,9
b61.ida,1106,10
b61.ida,1107,11
b61.ida,1108,12
b61.ida,1109,13
b61.ida,1110,14
b61.ida,1111,15
b61.ida,1112,16
b61.ida,3200,17
b61.ida,3201,18
b61.ida,3202,19
b61.ida,3203,20
b61.ida,3204,21
b61.ida,3205,22
b61.reg,77,1
b61.reg,338,2
b61.reg,339,3
b61.reg,340,4
b61.reg,341,5
b61.reg,1137,6
b61.reg,1138,7
b61.reg,1139,8
b61.reg,1140,9
b61.reg,1141,10
b61.reg,1142,11
b61.reg,3210,12
b61.reg,3211,13
b61.reg,3212,14
b61.reg,3213,15
b61.reg,3214,16
b61.reg,3215,17
d10.ida,207,1
d10.ida,208,2
d10.ida,209,3
d10.ida,210,4
d10.ida,211,5
d10.ida,1069,6
d10.ida,1245,7
d10.ida,1246,8
d10.ida,1250,9
d10.ida,1251,10
d10.ida,1253,11
d10.ida,1258,12
d10.ida,1261,13
d10.ida,1266,14
d10.ida,1267,15
d10.ida,1526,16
d10.ida,1531,17
d10.ida,1533,18
d10.ida,1537,19
d10.ida,1538,20
d10.ida,1544,21
d10.ida,1548,22
d10.ida,1552,23
d10.ida,1554,24
d10.ida,1558,25
d10.ida,1559,26
d10.ida,1560,27
d10.ida,1561,28
d10.ida,1563,29
d10.ida,1564,30
d10.ida,1565,31
d10.ida,1566,32
d10.ida,1567,33
d10.ida,1568,34
d10.ida,1569,35
d10.ida,1570,36
d10.ida,1571,37
d10.ida,1572,38
d10.ida,1573,39
d10.ida,1574,40
d10.ida,1575,41
d10.ida,1576,42
d10.ida,1577,43
d10.ida,1578,44
d10.ida,1579,45
d10.ida,1580,46
d10.ida,1581,47
d10.ida,1582,48
d10.ida,1583,49
d10.ida,1584,50
d10.ida,1585,51
d10.ida,1586,52
d10.ida,1858,53
d10.ida,1863,54
d10.ida,1868,55
d10.ida,1873,56
d10.ida,1875,57
d10.ida,1879,58
d10.ida,2071,59
d10.ida,2293,60
d10.ida,2308,61
d10.ida,2511,62
d10.ida,2514,63
d10.ida,2527,64
d10.ida,2531,65
d10.ida,2820,66
d10.ida,3386,67
d10.ida,3387,68
d10.ida,3388,69
d10.ida,3398,70
d10.ida,3399,71
d10.ida,3400,72
d10.reg,191,1
d10.reg,194,2
d10.reg,196,3
d10.reg,197,4
d10.reg,202,5
d10.reg,203,6
d10.reg,205,7
d10.reg,206,8
d10.reg,629,9
d10.reg,1014,10
d10.reg,1311,11
d10.reg,1313,12
d10.reg,1318,13
d10.reg,1320,14
d10.reg,1324,15
d10.reg,1327,16
d10.reg,1329,17
d10.reg,1334,18
d10.reg,1601,19
d10.reg,1602,20
d10.reg,1603,21
d10.reg,1604,22
d10.reg,1623,23
d10.reg,1624,24
d10.reg,1625,25
d10.reg,1626,26
d10.reg,1627,27
d10.reg,1628,28
d10.reg,1629,29
d10.reg,1630,30
d10.reg,1631,31
d10.reg,1632,32
d10.reg,1633,33
d10.reg,1634,34
d10.reg,1635,35
d10.reg,1636,36
d10.reg,1637,37
d10.reg,1638,38
d10.reg,1639,39
d10.reg,1640,40
d10.reg,1641,41
d10.reg,1642,42
d10.reg,1643,43
d10.reg,1644,44
d10.reg,1645,45
d10.reg,1646,46
d10.reg,1647,47
d10.reg,1648,48
d10.reg,1649,49
d10.reg,1653,50
d10.reg,1660,51
d10.reg,1663,52
d10.reg,1669,53
d10.reg,1672,54
d10.reg,1674,55
d10.reg,1681,56
d10.reg,1682,57
d10.reg,1728,58
d10.reg,1744,59
d10.reg,1745,60
d10.reg,1749,61
d10.reg,1949,62
d10.reg,1956,63
d10.reg,1971,64
d10.reg,2191,65
d10.reg,2397,66
d10.reg,2398,67
d10.reg,2399,68
d10.reg,2404,69
d10.reg,2419,70
d10.reg,2929,71
d10.reg,3395,72
d10.reg,3396,73
d10.reg,3397,74
