route_id,start_time,headway_secs,end_time,service_id
10,01:00:00,3600,05:00:00,H
10,05:00:00,900,06:00:00,H
10,06:00:00,660,08:30:00,H
10,08:30:00,900,12:00:00,H
10,12:00:00,660,13:30:00,H
10,13:30:00,900,18:30:00,H
10,18:30:00,660,21:30:00,H
10,21:30:00,900,22:30:00,H
10,22:30:00,1800,25:00:00,H
11,01:00:00,7200,05:00:00,H
11,05:00:00,1500,06:00:00,H
11,06:00:00,840,08:30:00,H
11,08:30:00,1500,12:00:00,H
11,12:00:00,840,13:30:00,H
11,13:30:00,1500,18:30:00,H
11,18:30:00,840,21:30:00,H
11,21:30:00,1500,22:30:00,H
11,22:30:00,1800,25:00:00,H
12,05:00:00,1500,06:00:00,H
12,06:00:00,840,08:30:00,H
12,08:30:00,1500,12:00:00,H
12,12:00:00,840,13:30:00,H
12,13:30:00,1500,18:30:00,H
12,18:30:00,840,21:30:00,H
12,21:30:00,1500,22:30:00,H
12,22:30:00,1800,25:00:00,H
13,05:00:00,1800,06:00:00,H
13,06:00:00,1200,08:30:00,H
13,08:30:00,1800,12:00:00,H
13,12:00:00,1200,13:30:00,H
13,13:30:00,1800,18:30:00,H
13,18:30:00,1200,21:30:00,H
13,21:30:00,1800,22:30:00,H
13,22:30:00,2700,25:00:00,H
14,01:00:00,7200,05:00:00,H
14,05:00:00,1200,06:00:00,H
14,06:00:00,780,08:30:00,H
14,08:30:00,1200,12:00:00,H
14,12:00:00,780,13:30:00,H
14,13:30:00,1200,18:30:00,H
14,18:30:00,780,21:30:00,H
14,21:30:00,1200,22:30:00,H
14,22:30:00,2700,25:00:00,H
15,05:00:00,1500,06:00:00,H
15,06:00:00,960,08:30:00,H
15,08:30:00,1500,12:00:00,H
15,12:00:00,960,13:30:00,H
15,13:30:00,1500,18:30:00,H
15,18:30:00,960,21:30:00,H
15,21:30:00,1500,22:30:00,H
15,22:30:00,1800,25:00:00,H
16,05:00:00,1800,06:00:00,H
16,06:00:00,1380,08:30:00,H
16,08:30:00,1800,12:00:00,H
16,12:00:00,1380,13:30:00,H
16,13:30:00,1800,18:30:00,H
16,18:30:00,1380,21:30:00,H
16,21:30:00,1800,22:30:00,H
16,22:30:00,2700,25:00:00,H
17,05:00:00,1800,06:00:00,H
17,06:00:00,1320,08:30:00,H
17,08:30:00,1800,12:00:00,H
17,12:00:00,1320,13:30:00,H
17,13:30:00,1800,18:30:00,H
17,18:30:00,1320,21:30:00,H
17,21:30:00,1800,22:30:00,H
17,22:30:00,2700,25:00:00,H
18,01:00:00,7200,05:00:00,H
18,05:00:00,1200,06:00:00,H
18,06:00:00,900,08:30:00,H
18,08:30:00,1200,12:00:00,H
18,12:00:00,900,13:30:00,H
18,13:30:00,1200,18:30:00,H
18,18:30:00,900,21:30:00,H
18,21:30:00,1200,22:30:00,H
18,22:30:00,1800,25:00:00,H
19,05:00:00,1800,06:00:00,H
19,06:00:00,1200,08:30:00,H
19,08:30:00,1800,12:00:00,H
19,12:00:00,1200,13:30:00,H
19,13:30:00,1800,18:30:00,H
19,18:30:00,1200,21:30:00,H
19,21:30:00,1800,22:30:00,H
19,22:30:00,2700,25:00:00,H
20,01:00:00,3600,05:00:00,H
20,05:00:00,900,06:00:00,H
20,06:00:00,600,08:30:00,H
20,08:30:00,900,12:00:00,H
20,12:00:00,600,13:30:00,H
20,13:30:00,900,18:30:00,H
20,18:30:00,600,21:30:00,H
20,21:30:00,900,22:30:00,H
20,22:30:00,1500,25:00:00,H
21,05:00:00,1200,06:00:00,H
21,06:00:00,900,08:30:00,H
21,08:30:00,1200,12:00:00,H
21,12:00:00,900,13:30:00,H
21,13:30:00,1200,18:30:00,H
21,18:30:00,900,21:30:00,H
21,21:30:00,1200,22:30:00,H
21,22:30:00,1800,25:00:00,H
22,05:00:00,1200,06:00:00,H
22,06:00:00,840,08:30:00,H
22,08:30:00,1200,12:00:00,H
22,12:00:00,840,13:30:00,H
22,13:30:00,1200,18:30:00,H
22,18:30:00,840,21:30:00,H
22,21:30:00,1200,22:30:00,H
22,22:30:00,1800,25:00:00,H
23,05:00:00,1200,06:00:00,H
23,06:00:00,900,08:30:00,H
23,08:30:00,1200,12:00:00,H
23,12:00:00,900,13:30:00,H
23,13:30:00,1200,18:30:00,H
23,18:30:00,900,21:30:00,H
23,21:30:00,1200,22:30:00,H
23,22:30:00,2700,25:00:00,H
24,05:00:00,1200,06:00:00,H
24,06:00:00,840,08:30:00,H
24,08:30:00,1200,12:00:00,H
24,12:00:00,840,13:30:00,H
24,13:30:00,1200,18:30:00,H
24,18:30:00,840,21:30:00,H
24,21:30:00,1200,22:30:00,H
24,22:30:00,2700,25:00:00,H
25,05:00:00,1200,06:00:00,H
25,06:00:00,900,08:30:00,H
25,08:30:00,1200,12:00:00,H
25,12:00:00,900,13:30:00,H
25,13:30:00,1200,18:30:00,H
25,18:30:00,900,21:30:00,H
25,21:30:00,1200,22:30:00,H
25,22:30:00,2700,25:00:00,H
26,01:00:00,7200,05:00:00,H
26,05:00:00,900,06:00:00,H
26,06:00:00,720,08:30:00,H
26,08:30:00,900,12:00:00,H
26,12:00:00,720,13:30:00,H
26,13:30:00,900,18:30:00,H
26,18:30:00,720,21:30:00,H
26,21:30:00,900,22:30:00,H
26,22:30:00,1800,25:00:00,H
27,05:00:00,900,06:00:00,H
27,06:00:00,720,08:30:00,H
27,08:30:00,900,12:00:00,H
27,12:00:00,720,13:30:00,H
27,13:30:00,900,18:30:00,H
27,18:30:00,720,21:30:00,H
27,21:30:00,900,22:30:00,H
27,22:30:00,1800,25:00:00,H
28,01:00:00,7200,05:00:00,H
28,05:00:00,1200,06:00:00,H
28,06:00:00,900,08:30:00,H
28,08:30:00,1200,12:00:00,H
28,12:00:00,900,13:30:00,H
28,13:30:00,1200,18:30:00,H
28,18:30:00,900,21:30:00,H
28,21:30:00,1200,22:30:00,H
28,22:30:00,1800,25:00:00,H
29,05:00:00,2100,06:00:00,H
29,06:00:00,2100,08:30:00,H
29,08:30:00,2100,12:00:00,H
29,12:00:00,2100,13:30:00,H
29,13:30:00,2100,18:30:00,H
29,18:30:00,2100,21:30:00,H
29,21:30:00,2100,22:30:00,H
29,22:30:00,2700,25:00:00,H
30,01:00:00,3600,05:00:00,H
30,05:00:00,660,06:00:00,H
30,06:00:00,420,08:30:00,H
30,08:30:00,660,12:00:00,H
30,12:00:00,420,13:30:00,H
30,13:30:00,660,18:30:00,H
30,18:30:00,420,21:30:00,H
30,21:30:00,660,22:30:00,H
30,22:30:00,1200,25:00:00,H
31,05:00:00,900,06:00:00,H
31,06:00:00,600,08:30:00,H
31,08:30:00,900,12:00:00,H
31,12:00:00,600,13:30:00,H
31,13:30:00,900,18:30:00,H
31,18:30:00,600,21:30:00,H
31,21:30:00,900,22:30:00,H
31,22:30:00,1800,25:00:00,H
32,05:00:00,900,06:00:00,H
32,06:00:00,600,08:30:00,H
32,08:30:00,900,12:00:00,H
32,12:00:00,600,13:30:00,H
32,13:30:00,900,18:30:00,H
32,18:30:00,600,21:30:00,H
32,21:30:00,900,22:30:00,H
32,22:30:00,1800,25:00:00,H
33,05:00:00,1200,06:00:00,H
33,06:00:00,720,08:30:00,H
33,08:30:00,1200,12:00:00,H
33,12:00:00,720,13:30:00,H
33,13:30:00,1200,18:30:00,H
33,18:30:00,720,21:30:00,H
33,21:30:00,1200,22:30:00,H
33,22:30:00,1800,25:00:00,H
34,05:00:00,1200,06:00:00,H
34,06:00:00,840,08:30:00,H
34,08:30:00,1200,12:00:00,H
34,12:00:00,840,13:30:00,H
34,13:30:00,1200,18:30:00,H
34,18:30:00,840,21:30:00,H
34,21:30:00,1200,22:30:00,H
34,22:30:00,1800,25:00:00,H
35,01:00:00,7200,05:00:00,H
35,05:00:00,900,06:00:00,H
35,06:00:00,540,08:30:00,H
35,08:30:00,900,12:00:00,H
35,12:00:00,540,13:30:00,H
35,13:30:00,900,18:30:00,H
35,18:30:00,540,21:30:00,H
35,21:30:00,900,22:30:00,H
35,22:30:00,1800,25:00:00,H
36,05:00:00,1200,06:00:00,H
36,06:00:00,960,08:30:00,H
36,08:30:00,1200,12:00:00,H
36,12:00:00,960,13:30:00,H
36,13:30:00,1200,18:30:00,H
36,18:30:00,960,21:30:00,H
36,21:30:00,1200,22:30:00,H
36,22:30:00,2100,25:00:00,H
40,01:00:00,3600,05:00:00,H
40,05:00:00,780,06:00:00,H
40,06:00:00,420,08:30:00,H
40,08:30:00,780,12:00:00,H
40,12:00:00,420,13:30:00,H
40,13:30:00,780,18:30:00,H
40,18:30:00,420,21:30:00,H
40,21:30:00,780,22:30:00,H
40,22:30:00,1200,25:00:00,H
41,01:00:00,7200,05:00:00,H
41,05:00:00,780,06:00:00,H
41,06:00:00,540,08:30:00,H
41,08:30:00,780,12:00:00,H
41,12:00:00,540,13:30:00,H
41,13:30:00,780,18:30:00,H
41,18:30:00,540,21:30:00,H
41,21:30:00,780,22:30:00,H
41,22:30:00,1800,25:00:00,H
42,05:00:00,900,06:00:00,H
42,06:00:00,480,08:30:00,H
42,08:30:00,900,12:00:00,H
42,12:00:00,480,13:30:00,H
42,13:30:00,900,18:30:00,H
42,18:30:00,480,21:30:00,H
42,21:30:00,900,22:30:00,H
42,22:30:00,1800,25:00:00,H
43,01:00:00,7200,05:00:00,H
43,05:00:00,720,06:00:00,H
43,06:00:00,420,08:30:00,H
43,08:30:00,720,12:00:00,H
43,12:00:00,420,13:30:00,H
43,13:30:00,720,18:30:00,H
43,18:30:00,420,21:30:00,H
43,21:30:00,720,22:30:00,H
43,22:30:00,1800,25:00:00,H
44,05:00:00,900,06:00:00,H
44,06:00:00,600,08:30:00,H
44,08:30:00,900,12:00:00,H
44,12:00:00,600,13:30:00,H
44,13:30:00,900,18:30:00,H
44,18:30:00,600,21:30:00,H
44,21:30:00,900,22:30:00,H
44,22:30:00,1800,25:00:00,H
50,01:00:00,3600,05:00:00,H
50,05:00:00,600,06:00:00,H
50,06:00:00,360,08:30:00,H
50,08:30:00,600,12:00:00,H
50,12:00:00,360,13:30:00,H
50,13:30:00,600,18:30:00,H
50,18:30:00,360,21:30:00,H
50,21:30:00,600,22:30:00,H
50,22:30:00,1200,25:00:00,H
500,05:00:00,1800,06:00:00,H
500,06:00:00,1800,08:30:00,H
500,08:30:00,1800,12:00:00,H
500,12:00:00,1800,13:30:00,H
500,13:30:00,1800,18:30:00,H
500,18:30:00,1800,21:30:00,H
500,21:30:00,1800,22:30:00,H
501,05:00:00,1800,06:00:00,H
501,06:00:00,1800,08:30:00,H
501,08:30:00,1800,12:00:00,H
501,12:00:00,1800,13:30:00,H
501,13:30:00,1800,18:30:00,H
501,18:30:00,1800,21:30:00,H
501,21:30:00,1800,22:30:00,H
51,05:00:00,900,06:00:00,H
51,06:00:00,600,08:30:00,H
51,08:30:00,900,12:00:00,H
51,12:00:00,600,13:30:00,H
51,13:30:00,900,18:30:00,H
51,18:30:00,600,21:30:00,H
51,21:30:00,900,22:30:00,H
51,22:30:00,1800,25:00:00,H
52,01:00:00,7200,05:00:00,H
52,05:00:00,900,06:00:00,H
52,06:00:00,600,08:30:00,H
52,08:30:00,900,12:00:00,H
52,12:00:00,600,13:30:00,H
52,13:30:00,900,18:30:00,H
52,18:30:00,600,21:30:00,H
52,21:30:00,900,22:30:00,H
52,22:30:00,1800,25:00:00,H
53,05:00:00,900,06:00:00,H
53,06:00:00,480,08:30:00,H
53,08:30:00,900,12:00:00,H
53,12:00:00,480,13:30:00,H
53,13:30:00,900,18:30:00,H
53,18:30:00,480,21:30:00,H
53,21:30:00,900,22:30:00,H
53,22:30:00,1800,25:00:00,H
54,05:00:00,1200,06:00:00,H
54,06:00:00,900,08:30:00,H
54,08:30:00,1200,12:00:00,H
54,12:00:00,900,13:30:00,H
54,13:30:00,1200,18:30:00,H
54,18:30:00,900,21:30:00,H
54,21:30:00,1200,22:30:00,H
54,22:30:00,1800,25:00:00,H
55,05:00:00,1200,06:00:00,H
55,06:00:00,900,08:30:00,H
55,08:30:00,1200,12:00:00,H
55,12:00:00,900,13:30:00,H
55,13:30:00,1200,18:30:00,H
55,18:30:00,900,21:30:00,H
55,21:30:00,1200,22:30:00,H
60,01:00:00,3600,05:00:00,H
60,05:00:00,900,06:00:00,H
60,06:00:00,540,08:30:00,H
60,08:30:00,900,12:00:00,H
60,12:00:00,540,13:30:00,H
60,13:30:00,900,18:30:00,H
60,18:30:00,540,21:30:00,H
60,21:30:00,900,22:30:00,H
60,22:30:00,1200,25:00:00,H
600,05:00:00,1200,06:00:00,H
600,06:00:00,900,08:30:00,H
600,08:30:00,1200,12:00:00,H
600,12:00:00,900,13:30:00,H
600,13:30:00,1200,18:30:00,H
600,18:30:00,900,21:30:00,H
600,21:30:00,1200,22:30:00,H
600,22:30:00,1800,25:00:00,H
601,05:00:00,1200,06:00:00,H
601,06:00:00,900,08:30:00,H
601,08:30:00,1200,12:00:00,H
601,12:00:00,900,13:30:00,H
601,13:30:00,1200,18:30:00,H
601,18:30:00,900,21:30:00,H
601,21:30:00,1200,22:30:00,H
601,22:30:00,1800,25:00:00,H
61,05:00:00,1500,06:00:00,H
61,06:00:00,1200,08:30:00,H
61,08:30:00,1500,12:00:00,H
61,12:00:00,1200,13:30:00,H
61,13:30:00,1500,18:30:00,H
61,18:30:00,1200,21:30:00,H
61,21:30:00,1500,22:30:00,H
61,22:30:00,1800,25:00:00,H
62,01:00:00,7200,05:00:00,H
62,05:00:00,900,06:00:00,H
62,06:00:00,600,08:30:00,H
62,08:30:00,900,12:00:00,H
62,12:00:00,600,13:30:00,H
62,13:30:00,900,18:30:00,H
62,18:30:00,600,21:30:00,H
62,21:30:00,900,22:30:00,H
62,22:30:00,1800,25:00:00,H
63,05:00:00,1200,06:00:00,H
63,06:00:00,1020,08:30:00,H
63,08:30:00,1200,12:00:00,H
63,12:00:00,1020,13:30:00,H
63,13:30:00,1200,18:30:00,H
63,18:30:00,1020,21:30:00,H
63,21:30:00,1200,22:30:00,H
63,22:30:00,1800,25:00:00,H
64,01:00:00,7200,05:00:00,H
64,05:00:00,1200,06:00:00,H
64,06:00:00,900,08:30:00,H
64,08:30:00,1200,12:00:00,H
64,12:00:00,900,13:30:00,H
64,13:30:00,1200,18:30:00,H
64,18:30:00,900,21:30:00,H
64,21:30:00,1200,22:30:00,H
64,22:30:00,1800,25:00:00,H
65,01:00:00,7200,05:00:00,H
65,05:00:00,1200,06:00:00,H
65,06:00:00,840,08:30:00,H
65,08:30:00,1200,12:00:00,H
65,12:00:00,840,13:30:00,H
65,13:30:00,1200,18:30:00,H
65,18:30:00,840,21:30:00,H
65,21:30:00,1200,22:30:00,H
65,22:30:00,1800,25:00:00,H
66,05:00:00,1200,06:00:00,H
66,06:00:00,960,08:30:00,H
66,08:30:00,1200,12:00:00,H
66,12:00:00,960,13:30:00,H
66,13:30:00,1200,18:30:00,H
66,18:30:00,960,21:30:00,H
66,21:30:00,1200,22:30:00,H
66,22:30:00,1800,25:00:00,H
67,05:00:00,1200,06:00:00,H
67,06:00:00,900,08:30:00,H
67,08:30:00,1200,12:00:00,H
67,12:00:00,900,13:30:00,H
67,13:30:00,1200,18:30:00,H
67,18:30:00,900,21:30:00,H
67,21:30:00,1200,22:30:00,H
67,22:30:00,2700,25:00:00,H
68,05:00:00,2700,06:00:00,H
68,06:00:00,1500,08:30:00,H
68,08:30:00,2700,12:00:00,H
68,12:00:00,1500,13:30:00,H
68,13:30:00,2700,18:30:00,H
68,18:30:00,1500,21:30:00,H
68,21:30:00,2700,22:30:00,H
70,01:00:00,3600,05:00:00,H
70,05:00:00,780,06:00:00,H
70,06:00:00,480,08:30:00,H
70,08:30:00,780,12:00:00,H
70,12:00:00,480,13:30:00,H
70,13:30:00,780,18:30:00,H
70,18:30:00,480,21:30:00,H
70,21:30:00,780,22:30:00,H
70,22:30:00,1200,25:00:00,H
71,01:00:00,7200,05:00:00,H
71,05:00:00,1020,06:00:00,H
71,06:00:00,720,08:30:00,H
71,08:30:00,1020,12:00:00,H
71,12:00:00,720,13:30:00,H
71,13:30:00,1020,18:30:00,H
71,18:30:00,720,21:30:00,H
71,21:30:00,1020,22:30:00,H
71,22:30:00,1800,25:00:00,H
72,05:00:00,1020,06:00:00,H
72,06:00:00,780,08:30:00,H
72,08:30:00,1020,12:00:00,H
72,12:00:00,780,13:30:00,H
72,13:30:00,1020,18:30:00,H
72,18:30:00,780,21:30:00,H
72,21:30:00,1020,22:30:00,H
72,22:30:00,1800,25:00:00,H
73,05:00:00,1800,06:00:00,H
73,06:00:00,1200,08:30:00,H
73,08:30:00,1800,12:00:00,H
73,12:00:00,1200,13:30:00,H
73,13:30:00,1800,18:30:00,H
73,18:30:00,1200,21:30:00,H
73,21:30:00,1800,22:30:00,H
73,22:30:00,1800,25:00:00,H
74,05:00:00,1200,06:00:00,H
74,06:00:00,840,08:30:00,H
74,08:30:00,1200,12:00:00,H
74,12:00:00,840,13:30:00,H
74,13:30:00,1200,18:30:00,H
74,18:30:00,840,21:30:00,H
74,21:30:00,1200,22:30:00,H
74,22:30:00,1800,25:00:00,H
75,05:00:00,1020,06:00:00,H
75,06:00:00,780,08:30:00,H
75,08:30:00,1020,12:00:00,H
75,12:00:00,780,13:30:00,H
75,13:30:00,1020,18:30:00,H
75,18:30:00,780,21:30:00,H
75,21:30:00,1020,22:30:00,H
75,22:30:00,1800,25:00:00,H
80,01:00:00,3600,05:00:00,H
80,05:00:00,720,06:00:00,H
80,06:00:00,480,08:30:00,H
80,08:30:00,720,12:00:00,H
80,12:00:00,480,13:30:00,H
80,13:30:00,720,18:30:00,H
80,18:30:00,480,21:30:00,H
80,21:30:00,720,22:30:00,H
80,22:30:00,1200,25:00:00,H
81,05:00:00,900,06:00:00,H
81,06:00:00,540,08:30:00,H
81,08:30:00,900,12:00:00,H
81,12:00:00,540,13:30:00,H
81,13:30:00,900,18:30:00,H
81,18:30:00,540,21:30:00,H
81,21:30:00,900,22:30:00,H
81,22:30:00,1200,25:00:00,H
82,01:00:00,3600,05:00:00,H
82,05:00:00,1200,06:00:00,H
82,06:00:00,900,08:30:00,H
82,08:30:00,1200,12:00:00,H
82,12:00:00,900,13:30:00,H
82,13:30:00,1200,18:30:00,H
82,18:30:00,900,21:30:00,H
82,21:30:00,1200,22:30:00,H
82,22:30:00,1800,25:00:00,H
83,05:00:00,1500,06:00:00,H
83,06:00:00,900,08:30:00,H
83,08:30:00,1500,12:00:00,H
83,12:00:00,900,13:30:00,H
83,13:30:00,1500,18:30:00,H
83,18:30:00,900,21:30:00,H
83,21:30:00,1500,22:30:00,H
83,22:30:00,2700,25:00:00,H
84,05:00:00,1020,06:00:00,H
84,06:00:00,720,08:30:00,H
84,08:30:00,1020,12:00:00,H
84,12:00:00,720,13:30:00,H
84,13:30:00,1020,18:30:00,H
84,18:30:00,720,21:30:00,H
84,21:30:00,1020,22:30:00,H
84,22:30:00,1800,25:00:00,H
b20,05:00:00,1800,06:00:00,H
b20,06:00:00,1200,08:30:00,H
b20,08:30:00,1800,12:00:00,H
b20,12:00:00,1200,13:30:00,H
b20,13:30:00,1800,18:30:00,H
b20,18:30:00,1200,21:30:00,H
b20,21:30:00,1800,22:30:00,H
b30,05:00:00,1200,06:00:00,H
b30,06:00:00,1200,08:30:00,H
b30,08:30:00,1200,12:00:00,H
b30,12:00:00,1200,13:30:00,H
b30,13:30:00,1200,18:30:00,H
b30,18:30:00,1200,21:30:00,H
b30,21:30:00,1200,22:30:00,H
b60,05:00:00,3600,06:00:00,H
b60,06:00:00,3480,08:30:00,H
b60,08:30:00,3600,12:00:00,H
b60,12:00:00,3480,13:30:00,H
b60,13:30:00,3600,18:30:00,H
b60,18:30:00,3480,21:30:00,H
b60,21:30:00,3600,22:30:00,H
b61,05:00:00,3600,06:00:00,H
b61,06:00:00,1800,08:30:00,H
b61,08:30:00,3600,12:00:00,H
b61,12:00:00,1800,13:30:00,H
b61,13:30:00,3600,18:30:00,H
b61,18:30:00,1800,21:30:00,H
b61,21:30:00,3600,22:30:00,H
b70,05:00:00,1800,06:00:00,H
b70,06:00:00,1200,08:30:00,H
b70,08:30:00,1800,12:00:00,H
b70,12:00:00,1200,13:30:00,H
b70,13:30:00,1800,18:30:00,H
b70,18:30:00,1200,21:30:00,H
b70,21:30:00,1800,22:30:00,H
b80,05:00:00,1800,06:00:00,H
b80,06:00:00,1200,08:30:00,H
b80,08:30:00,1800,12:00:00,H
b80,12:00:00,1200,13:30:00,H
b80,13:30:00,1800,18:30:00,H
b80,18:30:00,1200,21:30:00,H
b80,21:30:00,1800,22:30:00,H
d10,05:00:00,1500,06:00:00,H
d10,06:00:00,840,08:30:00,H
d10,08:30:00,1500,12:00:00,H
d10,12:00:00,840,13:30:00,H
d10,13:30:00,1500,18:30:00,H
d10,18:30:00,840,21:30:00,H
d10,21:30:00,1500,22:30:00,H
d20,05:00:00,1500,06:00:00,H
d20,06:00:00,1200,08:30:00,H
d20,08:30:00,1500,12:00:00,H
d20,12:00:00,1200,13:30:00,H
d20,13:30:00,1500,18:30:00,H
d20,18:30:00,1200,21:30:00,H
d20,21:30:00,1500,22:30:00,H
d30,05:00:00,1200,06:00:00,H
d30,06:00:00,900,08:30:00,H
d30,08:30:00,1200,12:00:00,H
d30,12:00:00,900,13:30:00,H
d30,13:30:00,1200,18:30:00,H
d30,18:30:00,900,21:30:00,H
d30,21:30:00,1200,22:30:00,H
d50,05:00:00,1200,06:00:00,H
d50,06:00:00,900,08:30:00,H
d50,08:30:00,1200,12:00:00,H
d50,12:00:00,900,13:30:00,H
d50,13:30:00,1200,18:30:00,H
d50,18:30:00,900,21:30:00,H
d50,21:30:00,1200,22:30:00,H
d80,05:00:00,1200,06:00:00,H
d80,06:00:00,900,08:30:00,H
d80,08:30:00,1200,12:00:00,H
d80,12:00:00,900,13:30:00,H
d80,13:30:00,1200,18:30:00,H
d80,18:30:00,900,21:30:00,H
d80,21:30:00,1200,22:30:00,H
TA,05:00:00,780,06:00:00,H
TA,06:00:00,420,08:30:00,H
TA,08:30:00,780,12:00:00,H
TA,12:00:00,420,13:30:00,H
TA,13:30:00,780,18:30:00,H
TA,18:30:00,420,21:30:00,H
TA,21:30:00,780,22:30:00,H
TA,22:30:00,1500,25:00:00,H
TB,05:00:00,720,06:00:00,H
TB,06:00:00,420,08:30:00,H
TB,08:30:00,720,12:00:00,H
TB,12:00:00,420,13:30:00,H
TB,13:30:00,720,18:30:00,H
TB,18:30:00,420,21:30:00,H
TB,21:30:00,720,22:30:00,H
TB,22:30:00,1500,25:00:00,H
TC,05:00:00,900,06:00:00,H
TC,06:00:00,540,08:30:00,H
TC,08:30:00,900,12:00:00,H
TC,12:00:00,540,13:30:00,H
TC,13:30:00,900,18:30:00,H
TC,18:30:00,540,21:30:00,H
TC,21:30:00,900,22:30:00,H
TC,22:30:00,1500,25:00:00,H
10,01:00:00,3600,05:00:00,S
10,05:00:00,900,06:00:00,S
10,06:00:00,660,08:30:00,S
10,08:30:00,900,12:00:00,S
10,12:00:00,660,13:30:00,S
10,13:30:00,900,18:30:00,S
10,18:30:00,660,21:30:00,S
10,21:30:00,900,22:30:00,S
10,22:30:00,1800,25:00:00,S
11,01:00:00,7200,05:00:00,S
11,05:00:00,1500,06:00:00,S
11,06:00:00,840,08:30:00,S
11,08:30:00,1500,12:00:00,S
11,12:00:00,840,13:30:00,S
11,13:30:00,1500,18:30:00,S
11,18:30:00,840,21:30:00,S
11,21:30:00,1500,22:30:00,S
11,22:30:00,1800,25:00:00,S
12,05:00:00,1500,06:00:00,S
12,06:00:00,840,08:30:00,S
12,08:30:00,1500,12:00:00,S
12,12:00:00,840,13:30:00,S
12,13:30:00,1500,18:30:00,S
12,18:30:00,840,21:30:00,S
12,21:30:00,1500,22:30:00,S
12,22:30:00,1800,25:00:00,S
13,05:00:00,1800,06:00:00,S
13,06:00:00,1200,08:30:00,S
13,08:30:00,1800,12:00:00,S
13,12:00:00,1200,13:30:00,S
13,13:30:00,1800,18:30:00,S
13,18:30:00,1200,21:30:00,S
13,21:30:00,1800,22:30:00,S
13,22:30:00,2700,25:00:00,S
14,01:00:00,7200,05:00:00,S
14,05:00:00,1200,06:00:00,S
14,06:00:00,780,08:30:00,S
14,08:30:00,1200,12:00:00,S
14,12:00:00,780,13:30:00,S
14,13:30:00,1200,18:30:00,S
14,18:30:00,780,21:30:00,S
14,21:30:00,1200,22:30:00,S
14,22:30:00,2700,25:00:00,S
15,05:00:00,1500,06:00:00,S
15,06:00:00,960,08:30:00,S
15,08:30:00,1500,12:00:00,S
15,12:00:00,960,13:30:00,S
15,13:30:00,1500,18:30:00,S
15,18:30:00,960,21:30:00,S
15,21:30:00,1500,22:30:00,S
15,22:30:00,1800,25:00:00,S
16,05:00:00,1800,06:00:00,S
16,06:00:00,1380,08:30:00,S
16,08:30:00,1800,12:00:00,S
16,12:00:00,1380,13:30:00,S
16,13:30:00,1800,18:30:00,S
16,18:30:00,1380,21:30:00,S
16,21:30:00,1800,22:30:00,S
16,22:30:00,2700,25:00:00,S
17,05:00:00,1800,06:00:00,S
17,06:00:00,1320,08:30:00,S
17,08:30:00,1800,12:00:00,S
17,12:00:00,1320,13:30:00,S
17,13:30:00,1800,18:30:00,S
17,18:30:00,1320,21:30:00,S
17,21:30:00,1800,22:30:00,S
17,22:30:00,2700,25:00:00,S
18,01:00:00,7200,05:00:00,S
18,05:00:00,1200,06:00:00,S
18,06:00:00,900,08:30:00,S
18,08:30:00,1200,12:00:00,S
18,12:00:00,900,13:30:00,S
18,13:30:00,1200,18:30:00,S
18,18:30:00,900,21:30:00,S
18,21:30:00,1200,22:30:00,S
18,22:30:00,1800,25:00:00,S
19,05:00:00,1800,06:00:00,S
19,06:00:00,1200,08:30:00,S
19,08:30:00,1800,12:00:00,S
19,12:00:00,1200,13:30:00,S
19,13:30:00,1800,18:30:00,S
19,18:30:00,1200,21:30:00,S
19,21:30:00,1800,22:30:00,S
19,22:30:00,2700,25:00:00,S
20,01:00:00,3600,05:00:00,S
20,05:00:00,900,06:00:00,S
20,06:00:00,600,08:30:00,S
20,08:30:00,900,12:00:00,S
20,12:00:00,600,13:30:00,S
20,13:30:00,900,18:30:00,S
20,18:30:00,600,21:30:00,S
20,21:30:00,900,22:30:00,S
20,22:30:00,1500,25:00:00,S
21,05:00:00,1200,06:00:00,S
21,06:00:00,900,08:30:00,S
21,08:30:00,1200,12:00:00,S
21,12:00:00,900,13:30:00,S
21,13:30:00,1200,18:30:00,S
21,18:30:00,900,21:30:00,S
21,21:30:00,1200,22:30:00,S
21,22:30:00,1800,25:00:00,S
22,05:00:00,1200,06:00:00,S
22,06:00:00,840,08:30:00,S
22,08:30:00,1200,12:00:00,S
22,12:00:00,840,13:30:00,S
22,13:30:00,1200,18:30:00,S
22,18:30:00,840,21:30:00,S
22,21:30:00,1200,22:30:00,S
22,22:30:00,1800,25:00:00,S
23,05:00:00,1200,06:00:00,S
23,06:00:00,900,08:30:00,S
23,08:30:00,1200,12:00:00,S
23,12:00:00,900,13:30:00,S
23,13:30:00,1200,18:30:00,S
23,18:30:00,900,21:30:00,S
23,21:30:00,1200,22:30:00,S
23,22:30:00,2700,25:00:00,S
24,05:00:00,1200,06:00:00,S
24,06:00:00,840,08:30:00,S
24,08:30:00,1200,12:00:00,S
24,12:00:00,840,13:30:00,S
24,13:30:00,1200,18:30:00,S
24,18:30:00,840,21:30:00,S
24,21:30:00,1200,22:30:00,S
24,22:30:00,2700,25:00:00,S
25,05:00:00,1200,06:00:00,S
25,06:00:00,900,08:30:00,S
25,08:30:00,1200,12:00:00,S
25,12:00:00,900,13:30:00,S
25,13:30:00,1200,18:30:00,S
25,18:30:00,900,21:30:00,S
25,21:30:00,1200,22:30:00,S
25,22:30:00,2700,25:00:00,S
26,01:00:00,7200,05:00:00,S
26,05:00:00,900,06:00:00,S
26,06:00:00,720,08:30:00,S
26,08:30:00,900,12:00:00,S
26,12:00:00,720,13:30:00,S
26,13:30:00,900,18:30:00,S
26,18:30:00,720,21:30:00,S
26,21:30:00,900,22:30:00,S
26,22:30:00,1800,25:00:00,S
27,05:00:00,900,06:00:00,S
27,06:00:00,720,08:30:00,S
27,08:30:00,900,12:00:00,S
27,12:00:00,720,13:30:00,S
27,13:30:00,900,18:30:00,S
27,18:30:00,720,21:30:00,S
27,21:30:00,900,22:30:00,S
27,22:30:00,1800,25:00:00,S
28,01:00:00,7200,05:00:00,S
28,05:00:00,1200,06:00:00,S
28,06:00:00,900,08:30:00,S
28,08:30:00,1200,12:00:00,S
28,12:00:00,900,13:30:00,S
28,13:30:00,1200,18:30:00,S
28,18:30:00,900,21:30:00,S
28,21:30:00,1200,22:30:00,S
28,22:30:00,1800,25:00:00,S
29,05:00:00,2100,06:00:00,S
29,06:00:00,2100,08:30:00,S
29,08:30:00,2100,12:00:00,S
29,12:00:00,2100,13:30:00,S
29,13:30:00,2100,18:30:00,S
29,18:30:00,2100,21:30:00,S
29,21:30:00,2100,22:30:00,S
29,22:30:00,2700,25:00:00,S
30,01:00:00,3600,05:00:00,S
30,05:00:00,660,06:00:00,S
30,06:00:00,420,08:30:00,S
30,08:30:00,660,12:00:00,S
30,12:00:00,420,13:30:00,S
30,13:30:00,660,18:30:00,S
30,18:30:00,420,21:30:00,S
30,21:30:00,660,22:30:00,S
30,22:30:00,1200,25:00:00,S
31,05:00:00,900,06:00:00,S
31,06:00:00,600,08:30:00,S
31,08:30:00,900,12:00:00,S
31,12:00:00,600,13:30:00,S
31,13:30:00,900,18:30:00,S
31,18:30:00,600,21:30:00,S
31,21:30:00,900,22:30:00,S
31,22:30:00,1800,25:00:00,S
32,05:00:00,900,06:00:00,S
32,06:00:00,600,08:30:00,S
32,08:30:00,900,12:00:00,S
32,12:00:00,600,13:30:00,S
32,13:30:00,900,18:30:00,S
32,18:30:00,600,21:30:00,S
32,21:30:00,900,22:30:00,S
32,22:30:00,1800,25:00:00,S
33,05:00:00,1200,06:00:00,S
33,06:00:00,720,08:30:00,S
33,08:30:00,1200,12:00:00,S
33,12:00:00,720,13:30:00,S
33,13:30:00,1200,18:30:00,S
33,18:30:00,720,21:30:00,S
33,21:30:00,1200,22:30:00,S
33,22:30:00,1800,25:00:00,S
34,05:00:00,1200,06:00:00,S
34,06:00:00,840,08:30:00,S
34,08:30:00,1200,12:00:00,S
34,12:00:00,840,13:30:00,S
34,13:30:00,1200,18:30:00,S
34,18:30:00,840,21:30:00,S
34,21:30:00,1200,22:30:00,S
34,22:30:00,1800,25:00:00,S
35,01:00:00,7200,05:00:00,S
35,05:00:00,900,06:00:00,S
35,06:00:00,540,08:30:00,S
35,08:30:00,900,12:00:00,S
35,12:00:00,540,13:30:00,S
35,13:30:00,900,18:30:00,S
35,18:30:00,540,21:30:00,S
35,21:30:00,900,22:30:00,S
35,22:30:00,1800,25:00:00,S
36,05:00:00,1200,06:00:00,S
36,06:00:00,960,08:30:00,S
36,08:30:00,1200,12:00:00,S
36,12:00:00,960,13:30:00,S
36,13:30:00,1200,18:30:00,S
36,18:30:00,960,21:30:00,S
36,21:30:00,1200,22:30:00,S
36,22:30:00,2100,25:00:00,S
40,01:00:00,3600,05:00:00,S
40,05:00:00,780,06:00:00,S
40,06:00:00,420,08:30:00,S
40,08:30:00,780,12:00:00,S
40,12:00:00,420,13:30:00,S
40,13:30:00,780,18:30:00,S
40,18:30:00,420,21:30:00,S
40,21:30:00,780,22:30:00,S
40,22:30:00,1200,25:00:00,S
41,01:00:00,7200,05:00:00,S
41,05:00:00,780,06:00:00,S
41,06:00:00,540,08:30:00,S
41,08:30:00,780,12:00:00,S
41,12:00:00,540,13:30:00,S
41,13:30:00,780,18:30:00,S
41,18:30:00,540,21:30:00,S
41,21:30:00,780,22:30:00,S
41,22:30:00,1800,25:00:00,S
42,05:00:00,900,06:00:00,S
42,06:00:00,480,08:30:00,S
42,08:30:00,900,12:00:00,S
42,12:00:00,480,13:30:00,S
42,13:30:00,900,18:30:00,S
42,18:30:00,480,21:30:00,S
42,21:30:00,900,22:30:00,S
42,22:30:00,1800,25:00:00,S
43,01:00:00,7200,05:00:00,S
43,05:00:00,720,06:00:00,S
43,06:00:00,420,08:30:00,S
43,08:30:00,720,12:00:00,S
43,12:00:00,420,13:30:00,S
43,13:30:00,720,18:30:00,S
43,18:30:00,420,21:30:00,S
43,21:30:00,720,22:30:00,S
43,22:30:00,1800,25:00:00,S
44,05:00:00,900,06:00:00,S
44,06:00:00,600,08:30:00,S
44,08:30:00,900,12:00:00,S
44,12:00:00,600,13:30:00,S
44,13:30:00,900,18:30:00,S
44,18:30:00,600,21:30:00,S
44,21:30:00,900,22:30:00,S
44,22:30:00,1800,25:00:00,S
50,01:00:00,3600,05:00:00,S
50,05:00:00,600,06:00:00,S
50,06:00:00,360,08:30:00,S
50,08:30:00,600,12:00:00,S
50,12:00:00,360,13:30:00,S
50,13:30:00,600,18:30:00,S
50,18:30:00,360,21:30:00,S
50,21:30:00,600,22:30:00,S
50,22:30:00,1200,25:00:00,S
500,05:00:00,1800,06:00:00,S
500,06:00:00,1800,08:30:00,S
500,08:30:00,1800,12:00:00,S
500,12:00:00,1800,13:30:00,S
500,13:30:00,1800,18:30:00,S
500,18:30:00,1800,21:30:00,S
500,21:30:00,1800,22:30:00,S
501,05:00:00,1800,06:00:00,S
501,06:00:00,1800,08:30:00,S
501,08:30:00,1800,12:00:00,S
501,12:00:00,1800,13:30:00,S
501,13:30:00,1800,18:30:00,S
501,18:30:00,1800,21:30:00,S
501,21:30:00,1800,22:30:00,S
51,05:00:00,900,06:00:00,S
51,06:00:00,600,08:30:00,S
51,08:30:00,900,12:00:00,S
51,12:00:00,600,13:30:00,S
51,13:30:00,900,18:30:00,S
51,18:30:00,600,21:30:00,S
51,21:30:00,900,22:30:00,S
51,22:30:00,1800,25:00:00,S
52,01:00:00,7200,05:00:00,S
52,05:00:00,900,06:00:00,S
52,06:00:00,600,08:30:00,S
52,08:30:00,900,12:00:00,S
52,12:00:00,600,13:30:00,S
52,13:30:00,900,18:30:00,S
52,18:30:00,600,21:30:00,S
52,21:30:00,900,22:30:00,S
52,22:30:00,1800,25:00:00,S
53,05:00:00,900,06:00:00,S
53,06:00:00,480,08:30:00,S
53,08:30:00,900,12:00:00,S
53,12:00:00,480,13:30:00,S
53,13:30:00,900,18:30:00,S
53,18:30:00,480,21:30:00,S
53,21:30:00,900,22:30:00,S
53,22:30:00,1800,25:00:00,S
54,05:00:00,1200,06:00:00,S
54,06:00:00,900,08:30:00,S
54,08:30:00,1200,12:00:00,S
54,12:00:00,900,13:30:00,S
54,13:30:00,1200,18:30:00,S
54,18:30:00,900,21:30:00,S
54,21:30:00,1200,22:30:00,S
54,22:30:00,1800,25:00:00,S
55,05:00:00,1200,06:00:00,S
55,06:00:00,900,08:30:00,S
55,08:30:00,1200,12:00:00,S
55,12:00:00,900,13:30:00,S
55,13:30:00,1200,18:30:00,S
55,18:30:00,900,21:30:00,S
55,21:30:00,1200,22:30:00,S
60,01:00:00,3600,05:00:00,S
60,05:00:00,900,06:00:00,S
60,06:00:00,540,08:30:00,S
60,08:30:00,900,12:00:00,S
60,12:00:00,540,13:30:00,S
60,13:30:00,900,18:30:00,S
60,18:30:00,540,21:30:00,S
60,21:30:00,900,22:30:00,S
60,22:30:00,1200,25:00:00,S
600,05:00:00,1200,06:00:00,S
600,06:00:00,900,08:30:00,S
600,08:30:00,1200,12:00:00,S
600,12:00:00,900,13:30:00,S
600,13:30:00,1200,18:30:00,S
600,18:30:00,900,21:30:00,S
600,21:30:00,1200,22:30:00,S
600,22:30:00,1800,25:00:00,S
601,05:00:00,1200,06:00:00,S
601,06:00:00,900,08:30:00,S
601,08:30:00,1200,12:00:00,S
601,12:00:00,900,13:30:00,S
601,13:30:00,1200,18:30:00,S
601,18:30:00,900,21:30:00,S
601,21:30:00,1200,22:30:00,S
601,22:30:00,1800,25:00:00,S
61,05:00:00,1500,06:00:00,S
61,06:00:00,1200,08:30:00,S
61,08:30:00,1500,12:00:00,S
61,12:00:00,1200,13:30:00,S
61,13:30:00,1500,18:30:00,S
61,18:30:00,1200,21:30:00,S
61,21:30:00,1500,22:30:00,S
61,22:30:00,1800,25:00:00,S
62,01:00:00,7200,05:00:00,S
62,05:00:00,900,06:00:00,S
62,06:00:00,600,08:30:00,S
62,08:30:00,900,12:00:00,S
62,12:00:00,600,13:30:00,S
62,13:30:00,900,18:30:00,S
62,18:30:00,600,21:30:00,S
62,21:30:00,900,22:30:00,S
62,22:30:00,1800,25:00:00,S
63,05:00:00,1200,06:00:00,S
63,06:00:00,1020,08:30:00,S
63,08:30:00,1200,12:00:00,S
63,12:00:00,1020,13:30:00,S
63,13:30:00,1200,18:30:00,S
63,18:30:00,1020,21:30:00,S
63,21:30:00,1200,22:30:00,S
63,22:30:00,1800,25:00:00,S
64,01:00:00,7200,05:00:00,S
64,05:00:00,1200,06:00:00,S
64,06:00:00,900,08:30:00,S
64,08:30:00,1200,12:00:00,S
64,12:00:00,900,13:30:00,S
64,13:30:00,1200,18:30:00,S
64,18:30:00,900,21:30:00,S
64,21:30:00,1200,22:30:00,S
64,22:30:00,1800,25:00:00,S
65,01:00:00,7200,05:00:00,S
65,05:00:00,1200,06:00:00,S
65,06:00:00,840,08:30:00,S
65,08:30:00,1200,12:00:00,S
65,12:00:00,840,13:30:00,S
65,13:30:00,1200,18:30:00,S
65,18:30:00,840,21:30:00,S
65,21:30:00,1200,22:30:00,S
65,22:30:00,1800,25:00:00,S
66,05:00:00,1200,06:00:00,S
66,06:00:00,960,08:30:00,S
66,08:30:00,1200,12:00:00,S
66,12:00:00,960,13:30:00,S
66,13:30:00,1200,18:30:00,S
66,18:30:00,960,21:30:00,S
66,21:30:00,1200,22:30:00,S
66,22:30:00,1800,25:00:00,S
67,05:00:00,1200,06:00:00,S
67,06:00:00,900,08:30:00,S
67,08:30:00,1200,12:00:00,S
67,12:00:00,900,13:30:00,S
67,13:30:00,1200,18:30:00,S
67,18:30:00,900,21:30:00,S
67,21:30:00,1200,22:30:00,S
67,22:30:00,2700,25:00:00,S
68,05:00:00,2700,06:00:00,S
68,06:00:00,1500,08:30:00,S
68,08:30:00,2700,12:00:00,S
68,12:00:00,1500,13:30:00,S
68,13:30:00,2700,18:30:00,S
68,18:30:00,1500,21:30:00,S
68,21:30:00,2700,22:30:00,S
70,01:00:00,3600,05:00:00,S
70,05:00:00,780,06:00:00,S
70,06:00:00,480,08:30:00,S
70,08:30:00,780,12:00:00,S
70,12:00:00,480,13:30:00,S
70,13:30:00,780,18:30:00,S
70,18:30:00,480,21:30:00,S
70,21:30:00,780,22:30:00,S
70,22:30:00,1200,25:00:00,S
71,01:00:00,7200,05:00:00,S
71,05:00:00,1020,06:00:00,S
71,06:00:00,720,08:30:00,S
71,08:30:00,1020,12:00:00,S
71,12:00:00,720,13:30:00,S
71,13:30:00,1020,18:30:00,S
71,18:30:00,720,21:30:00,S
71,21:30:00,1020,22:30:00,S
71,22:30:00,1800,25:00:00,S
72,05:00:00,1020,06:00:00,S
72,06:00:00,780,08:30:00,S
72,08:30:00,1020,12:00:00,S
72,12:00:00,780,13:30:00,S
72,13:30:00,1020,18:30:00,S
72,18:30:00,780,21:30:00,S
72,21:30:00,1020,22:30:00,S
72,22:30:00,1800,25:00:00,S
73,05:00:00,1800,06:00:00,S
73,06:00:00,1200,08:30:00,S
73,08:30:00,1800,12:00:00,S
73,12:00:00,1200,13:30:00,S
73,13:30:00,1800,18:30:00,S
73,18:30:00,1200,21:30:00,S
73,21:30:00,1800,22:30:00,S
73,22:30:00,1800,25:00:00,S
74,05:00:00,1200,06:00:00,S
74,06:00:00,840,08:30:00,S
74,08:30:00,1200,12:00:00,S
74,12:00:00,840,13:30:00,S
74,13:30:00,1200,18:30:00,S
74,18:30:00,840,21:30:00,S
74,21:30:00,1200,22:30:00,S
74,22:30:00,1800,25:00:00,S
75,05:00:00,1020,06:00:00,S
75,06:00:00,780,08:30:00,S
75,08:30:00,1020,12:00:00,S
75,12:00:00,780,13:30:00,S
75,13:30:00,1020,18:30:00,S
75,18:30:00,780,21:30:00,S
75,21:30:00,1020,22:30:00,S
75,22:30:00,1800,25:00:00,S
80,01:00:00,3600,05:00:00,S
80,05:00:00,720,06:00:00,S
80,06:00:00,480,08:30:00,S
80,08:30:00,720,12:00:00,S
80,12:00:00,480,13:30:00,S
80,13:30:00,720,18:30:00,S
80,18:30:00,480,21:30:00,S
80,21:30:00,720,22:30:00,S
80,22:30:00,1200,25:00:00,S
81,05:00:00,900,06:00:00,S
81,06:00:00,540,08:30:00,S
81,08:30:00,900,12:00:00,S
81,12:00:00,540,13:30:00,S
81,13:30:00,900,18:30:00,S
81,18:30:00,540,21:30:00,S
81,21:30:00,900,22:30:00,S
81,22:30:00,1200,25:00:00,S
82,01:00:00,3600,05:00:00,S
82,05:00:00,1200,06:00:00,S
82,06:00:00,900,08:30:00,S
82,08:30:00,1200,12:00:00,S
82,12:00:00,900,13:30:00,S
82,13:30:00,1200,18:30:00,S
82,18:30:00,900,21:30:00,S
82,21:30:00,1200,22:30:00,S
82,22:30:00,1800,25:00:00,S
83,05:00:00,1500,06:00:00,S
83,06:00:00,900,08:30:00,S
83,08:30:00,1500,12:00:00,S
83,12:00:00,900,13:30:00,S
83,13:30:00,1500,18:30:00,S
83,18:30:00,900,21:30:00,S
83,21:30:00,1500,22:30:00,S
83,22:30:00,2700,25:00:00,S
84,05:00:00,1020,06:00:00,S
84,06:00:00,720,08:30:00,S
84,08:30:00,1020,12:00:00,S
84,12:00:00,720,13:30:00,S
84,13:30:00,1020,18:30:00,S
84,18:30:00,720,21:30:00,S
84,21:30:00,1020,22:30:00,S
84,22:30:00,1800,25:00:00,S
b20,05:00:00,1800,06:00:00,S
b20,06:00:00,1200,08:30:00,S
b20,08:30:00,1800,12:00:00,S
b20,12:00:00,1200,13:30:00,S
b20,13:30:00,1800,18:30:00,S
b20,18:30:00,1200,21:30:00,S
b20,21:30:00,1800,22:30:00,S
b30,05:00:00,1200,06:00:00,S
b30,06:00:00,1200,08:30:00,S
b30,08:30:00,1200,12:00:00,S
b30,12:00:00,1200,13:30:00,S
b30,13:30:00,1200,18:30:00,S
b30,18:30:00,1200,21:30:00,S
b30,21:30:00,1200,22:30:00,S
b60,05:00:00,3600,06:00:00,S
b60,06:00:00,3480,08:30:00,S
b60,08:30:00,3600,12:00:00,S
b60,12:00:00,3480,13:30:00,S
b60,13:30:00,3600,18:30:00,S
b60,18:30:00,3480,21:30:00,S
b60,21:30:00,3600,22:30:00,S
b61,05:00:00,3600,06:00:00,S
b61,06:00:00,1800,08:30:00,S
b61,08:30:00,3600,12:00:00,S
b61,12:00:00,1800,13:30:00,S
b61,13:30:00,3600,18:30:00,S
b61,18:30:00,1800,21:30:00,S
b61,21:30:00,3600,22:30:00,S
b70,05:00:00,1800,06:00:00,S
b70,06:00:00,1200,08:30:00,S
b70,08:30:00,1800,12:00:00,S
b70,12:00:00,1200,13:30:00,S
b70,13:30:00,1800,18:30:00,S
b70,18:30:00,1200,21:30:00,S
b70,21:30:00,1800,22:30:00,S
b80,05:00:00,1800,06:00:00,S
b80,06:00:00,1200,08:30:00,S
b80,08:30:00,1800,12:00:00,S
b80,12:00:00,1200,13:30:00,S
b80,13:30:00,1800,18:30:00,S
b80,18:30:00,1200,21:30:00,S
b80,21:30:00,1800,22:30:00,S
d10,05:00:00,1500,06:00:00,S
d10,06:00:00,840,08:30:00,S
d10,08:30:00,1500,12:00:00,S
d10,12:00:00,840,13:30:00,S
d10,13:30:00,1500,18:30:00,S
d10,18:30:00,840,21:30:00,S
d10,21:30:00,1500,22:30:00,S
d20,05:00:00,1500,06:00:00,S
d20,06:00:00,1200,08:30:00,S
d20,08:30:00,1500,12:00:00,S
d20,12:00:00,1200,13:30:00,S
d20,13:30:00,1500,18:30:00,S
d20,18:30:00,1200,21:30:00,S
d20,21:30:00,1500,22:30:00,S
d30,05:00:00,1200,06:00:00,S
d30,06:00:00,900,08:30:00,S
d30,08:30:00,1200,12:00:00,S
d30,12:00:00,900,13:30:00,S
d30,13:30:00,1200,18:30:00,S
d30,18:30:00,900,21:30:00,S
d30,21:30:00,1200,22:30:00,S
d50,05:00:00,1200,06:00:00,S
d50,06:00:00,900,08:30:00,S
d50,08:30:00,1200,12:00:00,S
d50,12:00:00,900,13:30:00,S
d50,13:30:00,1200,18:30:00,S
d50,18:30:00,900,21:30:00,S
d50,21:30:00,1200,22:30:00,S
d80,05:00:00,1200,06:00:00,S
d80,06:00:00,900,08:30:00,S
d80,08:30:00,1200,12:00:00,S
d80,12:00:00,900,13:30:00,S
d80,13:30:00,1200,18:30:00,S
d80,18:30:00,900,21:30:00,S
d80,21:30:00,1200,22:30:00,S
TA,05:00:00,780,06:00:00,S
TA,06:00:00,420,08:30:00,S
TA,08:30:00,780,12:00:00,S
TA,12:00:00,420,13:30:00,S
TA,13:30:00,780,18:30:00,S
TA,18:30:00,420,21:30:00,S
TA,21:30:00,780,22:30:00,S
TA,22:30:00,1500,25:00:00,S
TB,05:00:00,720,06:00:00,S
TB,06:00:00,420,08:30:00,S
TB,08:30:00,720,12:00:00,S
TB,12:00:00,420,13:30:00,S
TB,13:30:00,720,18:30:00,S
TB,18:30:00,420,21:30:00,S
TB,21:30:00,720,22:30:00,S
TB,22:30:00,1500,25:00:00,S
TC,05:00:00,900,06:00:00,S
TC,06:00:00,540,08:30:00,S
TC,08:30:00,900,12:00:00,S
TC,12:00:00,540,13:30:00,S
TC,13:30:00,900,18:30:00,S
TC,18:30:00,540,21:30:00,S
TC,21:30:00,900,22:30:00,S
TC,22:30:00,1500,25:00:00,S
10,01:00:00,3600,05:00:00,D
10,05:00:00,900,06:00:00,D
10,06:00:00,660,08:30:00,D
10,08:30:00,900,12:00:00,D
10,12:00:00,660,13:30:00,D
10,13:30:00,900,18:30:00,D
10,18:30:00,660,21:30:00,D
10,21:30:00,900,22:30:00,D
10,22:30:00,1800,25:00:00,D
11,01:00:00,7200,05:00:00,D
11,05:00:00,1500,06:00:00,D
11,06:00:00,840,08:30:00,D
11,08:30:00,1500,12:00:00,D
11,12:00:00,840,13:30:00,D
11,13:30:00,1500,18:30:00,D
11,18:30:00,840,21:30:00,D
11,21:30:00,1500,22:30:00,D
11,22:30:00,1800,25:00:00,D
12,05:00:00,1500,06:00:00,D
12,06:00:00,840,08:30:00,D
12,08:30:00,1500,12:00:00,D
12,12:00:00,840,13:30:00,D
12,13:30:00,1500,18:30:00,D
12,18:30:00,840,21:30:00,D
12,21:30:00,1500,22:30:00,D
12,22:30:00,1800,25:00:00,D
13,05:00:00,1800,06:00:00,D
13,06:00:00,1200,08:30:00,D
13,08:30:00,1800,12:00:00,D
13,12:00:00,1200,13:30:00,D
13,13:30:00,1800,18:30:00,D
13,18:30:00,1200,21:30:00,D
13,21:30:00,1800,22:30:00,D
13,22:30:00,2700,25:00:00,D
14,01:00:00,7200,05:00:00,D
14,05:00:00,1200,06:00:00,D
14,06:00:00,780,08:30:00,D
14,08:30:00,1200,12:00:00,D
14,12:00:00,780,13:30:00,D
14,13:30:00,1200,18:30:00,D
14,18:30:00,780,21:30:00,D
14,21:30:00,1200,22:30:00,D
14,22:30:00,2700,25:00:00,D
15,05:00:00,1500,06:00:00,D
15,06:00:00,960,08:30:00,D
15,08:30:00,1500,12:00:00,D
15,12:00:00,960,13:30:00,D
15,13:30:00,1500,18:30:00,D
15,18:30:00,960,21:30:00,D
15,21:30:00,1500,22:30:00,D
15,22:30:00,1800,25:00:00,D
16,05:00:00,1800,06:00:00,D
16,06:00:00,1380,08:30:00,D
16,08:30:00,1800,12:00:00,D
16,12:00:00,1380,13:30:00,D
16,13:30:00,1800,18:30:00,D
16,18:30:00,1380,21:30:00,D
16,21:30:00,1800,22:30:00,D
16,22:30:00,2700,25:00:00,D
17,05:00:00,1800,06:00:00,D
17,06:00:00,1320,08:30:00,D
17,08:30:00,1800,12:00:00,D
17,12:00:00,1320,13:30:00,D
17,13:30:00,1800,18:30:00,D
17,18:30:00,1320,21:30:00,D
17,21:30:00,1800,22:30:00,D
17,22:30:00,2700,25:00:00,D
18,01:00:00,7200,05:00:00,D
18,05:00:00,1200,06:00:00,D
18,06:00:00,900,08:30:00,D
18,08:30:00,1200,12:00:00,D
18,12:00:00,900,13:30:00,D
18,13:30:00,1200,18:30:00,D
18,18:30:00,900,21:30:00,D
18,21:30:00,1200,22:30:00,D
18,22:30:00,1800,25:00:00,D
19,05:00:00,1800,06:00:00,D
19,06:00:00,1200,08:30:00,D
19,08:30:00,1800,12:00:00,D
19,12:00:00,1200,13:30:00,D
19,13:30:00,1800,18:30:00,D
19,18:30:00,1200,21:30:00,D
19,21:30:00,1800,22:30:00,D
19,22:30:00,2700,25:00:00,D
20,01:00:00,3600,05:00:00,D
20,05:00:00,900,06:00:00,D
20,06:00:00,600,08:30:00,D
20,08:30:00,900,12:00:00,D
20,12:00:00,600,13:30:00,D
20,13:30:00,900,18:30:00,D
20,18:30:00,600,21:30:00,D
20,21:30:00,900,22:30:00,D
20,22:30:00,1500,25:00:00,D
21,05:00:00,1200,06:00:00,D
21,06:00:00,900,08:30:00,D
21,08:30:00,1200,12:00:00,D
21,12:00:00,900,13:30:00,D
21,13:30:00,1200,18:30:00,D
21,18:30:00,900,21:30:00,D
21,21:30:00,1200,22:30:00,D
21,22:30:00,1800,25:00:00,D
22,05:00:00,1200,06:00:00,D
22,06:00:00,840,08:30:00,D
22,08:30:00,1200,12:00:00,D
22,12:00:00,840,13:30:00,D
22,13:30:00,1200,18:30:00,D
22,18:30:00,840,21:30:00,D
22,21:30:00,1200,22:30:00,D
22,22:30:00,1800,25:00:00,D
23,05:00:00,1200,06:00:00,D
23,06:00:00,900,08:30:00,D
23,08:30:00,1200,12:00:00,D
23,12:00:00,900,13:30:00,D
23,13:30:00,1200,18:30:00,D
23,18:30:00,900,21:30:00,D
23,21:30:00,1200,22:30:00,D
23,22:30:00,2700,25:00:00,D
24,05:00:00,1200,06:00:00,D
24,06:00:00,840,08:30:00,D
24,08:30:00,1200,12:00:00,D
24,12:00:00,840,13:30:00,D
24,13:30:00,1200,18:30:00,D
24,18:30:00,840,21:30:00,D
24,21:30:00,1200,22:30:00,D
24,22:30:00,2700,25:00:00,D
25,05:00:00,1200,06:00:00,D
25,06:00:00,900,08:30:00,D
25,08:30:00,1200,12:00:00,D
25,12:00:00,900,13:30:00,D
25,13:30:00,1200,18:30:00,D
25,18:30:00,900,21:30:00,D
25,21:30:00,1200,22:30:00,D
25,22:30:00,2700,25:00:00,D
26,01:00:00,7200,05:00:00,D
26,05:00:00,900,06:00:00,D
26,06:00:00,720,08:30:00,D
26,08:30:00,900,12:00:00,D
26,12:00:00,720,13:30:00,D
26,13:30:00,900,18:30:00,D
26,18:30:00,720,21:30:00,D
26,21:30:00,900,22:30:00,D
26,22:30:00,1800,25:00:00,D
27,05:00:00,900,06:00:00,D
27,06:00:00,720,08:30:00,D
27,08:30:00,900,12:00:00,D
27,12:00:00,720,13:30:00,D
27,13:30:00,900,18:30:00,D
27,18:30:00,720,21:30:00,D
27,21:30:00,900,22:30:00,D
27,22:30:00,1800,25:00:00,D
28,01:00:00,7200,05:00:00,D
28,05:00:00,1200,06:00:00,D
28,06:00:00,900,08:30:00,D
28,08:30:00,1200,12:00:00,D
28,12:00:00,900,13:30:00,D
28,13:30:00,1200,18:30:00,D
28,18:30:00,900,21:30:00,D
28,21:30:00,1200,22:30:00,D
28,22:30:00,1800,25:00:00,D
29,05:00:00,2100,06:00:00,D
29,06:00:00,2100,08:30:00,D
29,08:30:00,2100,12:00:00,D
29,12:00:00,2100,13:30:00,D
29,13:30:00,2100,18:30:00,D
29,18:30:00,2100,21:30:00,D
29,21:30:00,2100,22:30:00,D
29,22:30:00,2700,25:00:00,D
30,01:00:00,3600,05:00:00,D
30,05:00:00,660,06:00:00,D
30,06:00:00,420,08:30:00,D
30,08:30:00,660,12:00:00,D
30,12:00:00,420,13:30:00,D
30,13:30:00,660,18:30:00,D
30,18:30:00,420,21:30:00,D
30,21:30:00,660,22:30:00,D
30,22:30:00,1200,25:00:00,D
31,05:00:00,900,06:00:00,D
31,06:00:00,600,08:30:00,D
31,08:30:00,900,12:00:00,D
31,12:00:00,600,13:30:00,D
31,13:30:00,900,18:30:00,D
31,18:30:00,600,21:30:00,D
31,21:30:00,900,22:30:00,D
31,22:30:00,1800,25:00:00,D
32,05:00:00,900,06:00:00,D
32,06:00:00,600,08:30:00,D
32,08:30:00,900,12:00:00,D
32,12:00:00,600,13:30:00,D
32,13:30:00,900,18:30:00,D
32,18:30:00,600,21:30:00,D
32,21:30:00,900,22:30:00,D
32,22:30:00,1800,25:00:00,D
33,05:00:00,1200,06:00:00,D
33,06:00:00,720,08:30:00,D
33,08:30:00,1200,12:00:00,D
33,12:00:00,720,13:30:00,D
33,13:30:00,1200,18:30:00,D
33,18:30:00,720,21:30:00,D
33,21:30:00,1200,22:30:00,D
33,22:30:00,1800,25:00:00,D
34,05:00:00,1200,06:00:00,D
34,06:00:00,840,08:30:00,D
34,08:30:00,1200,12:00:00,D
34,12:00:00,840,13:30:00,D
34,13:30:00,1200,18:30:00,D
34,18:30:00,840,21:30:00,D
34,21:30:00,1200,22:30:00,D
34,22:30:00,1800,25:00:00,D
35,01:00:00,7200,05:00:00,D
35,05:00:00,900,06:00:00,D
35,06:00:00,540,08:30:00,D
35,08:30:00,900,12:00:00,D
35,12:00:00,540,13:30:00,D
35,13:30:00,900,18:30:00,D
35,18:30:00,540,21:30:00,D
35,21:30:00,900,22:30:00,D
35,22:30:00,1800,25:00:00,D
36,05:00:00,1200,06:00:00,D
36,06:00:00,960,08:30:00,D
36,08:30:00,1200,12:00:00,D
36,12:00:00,960,13:30:00,D
36,13:30:00,1200,18:30:00,D
36,18:30:00,960,21:30:00,D
36,21:30:00,1200,22:30:00,D
36,22:30:00,2100,25:00:00,D
40,01:00:00,3600,05:00:00,D
40,05:00:00,780,06:00:00,D
40,06:00:00,420,08:30:00,D
40,08:30:00,780,12:00:00,D
40,12:00:00,420,13:30:00,D
40,13:30:00,780,18:30:00,D
40,18:30:00,420,21:30:00,D
40,21:30:00,780,22:30:00,D
40,22:30:00,1200,25:00:00,D
41,01:00:00,7200,05:00:00,D
41,05:00:00,780,06:00:00,D
41,06:00:00,540,08:30:00,D
41,08:30:00,780,12:00:00,D
41,12:00:00,540,13:30:00,D
41,13:30:00,780,18:30:00,D
41,18:30:00,540,21:30:00,D
41,21:30:00,780,22:30:00,D
41,22:30:00,1800,25:00:00,D
42,05:00:00,900,06:00:00,D
42,06:00:00,480,08:30:00,D
42,08:30:00,900,12:00:00,D
42,12:00:00,480,13:30:00,D
42,13:30:00,900,18:30:00,D
42,18:30:00,480,21:30:00,D
42,21:30:00,900,22:30:00,D
42,22:30:00,1800,25:00:00,D
43,01:00:00,7200,05:00:00,D
43,05:00:00,720,06:00:00,D
43,06:00:00,420,08:30:00,D
43,08:30:00,720,12:00:00,D
43,12:00:00,420,13:30:00,D
43,13:30:00,720,18:30:00,D
43,18:30:00,420,21:30:00,D
43,21:30:00,720,22:30:00,D
43,22:30:00,1800,25:00:00,D
44,05:00:00,900,06:00:00,D
44,06:00:00,600,08:30:00,D
44,08:30:00,900,12:00:00,D
44,12:00:00,600,13:30:00,D
44,13:30:00,900,18:30:00,D
44,18:30:00,600,21:30:00,D
44,21:30:00,900,22:30:00,D
44,22:30:00,1800,25:00:00,D
50,01:00:00,3600,05:00:00,D
50,05:00:00,600,06:00:00,D
50,06:00:00,360,08:30:00,D
50,08:30:00,600,12:00:00,D
50,12:00:00,360,13:30:00,D
50,13:30:00,600,18:30:00,D
50,18:30:00,360,21:30:00,D
50,21:30:00,600,22:30:00,D
50,22:30:00,1200,25:00:00,D
500,05:00:00,1800,06:00:00,D
500,06:00:00,1800,08:30:00,D
500,08:30:00,1800,12:00:00,D
500,12:00:00,1800,13:30:00,D
500,13:30:00,1800,18:30:00,D
500,18:30:00,1800,21:30:00,D
500,21:30:00,1800,22:30:00,D
501,05:00:00,1800,06:00:00,D
501,06:00:00,1800,08:30:00,D
501,08:30:00,1800,12:00:00,D
501,12:00:00,1800,13:30:00,D
501,13:30:00,1800,18:30:00,D
501,18:30:00,1800,21:30:00,D
501,21:30:00,1800,22:30:00,D
51,05:00:00,900,06:00:00,D
51,06:00:00,600,08:30:00,D
51,08:30:00,900,12:00:00,D
51,12:00:00,600,13:30:00,D
51,13:30:00,900,18:30:00,D
51,18:30:00,600,21:30:00,D
51,21:30:00,900,22:30:00,D
51,22:30:00,1800,25:00:00,D
52,01:00:00,7200,05:00:00,D
52,05:00:00,900,06:00:00,D
52,06:00:00,600,08:30:00,D
52,08:30:00,900,12:00:00,D
52,12:00:00,600,13:30:00,D
52,13:30:00,900,18:30:00,D
52,18:30:00,600,21:30:00,D
52,21:30:00,900,22:30:00,D
52,22:30:00,1800,25:00:00,D
53,05:00:00,900,06:00:00,D
53,06:00:00,480,08:30:00,D
53,08:30:00,900,12:00:00,D
53,12:00:00,480,13:30:00,D
53,13:30:00,900,18:30:00,D
53,18:30:00,480,21:30:00,D
53,21:30:00,900,22:30:00,D
53,22:30:00,1800,25:00:00,D
54,05:00:00,1200,06:00:00,D
54,06:00:00,900,08:30:00,D
54,08:30:00,1200,12:00:00,D
54,12:00:00,900,13:30:00,D
54,13:30:00,1200,18:30:00,D
54,18:30:00,900,21:30:00,D
54,21:30:00,1200,22:30:00,D
54,22:30:00,1800,25:00:00,D
55,05:00:00,1200,06:00:00,D
55,06:00:00,900,08:30:00,D
55,08:30:00,1200,12:00:00,D
55,12:00:00,900,13:30:00,D
55,13:30:00,1200,18:30:00,D
55,18:30:00,900,21:30:00,D
55,21:30:00,1200,22:30:00,D
60,01:00:00,3600,05:00:00,D
60,05:00:00,900,06:00:00,D
60,06:00:00,540,08:30:00,D
60,08:30:00,900,12:00:00,D
60,12:00:00,540,13:30:00,D
60,13:30:00,900,18:30:00,D
60,18:30:00,540,21:30:00,D
60,21:30:00,900,22:30:00,D
60,22:30:00,1200,25:00:00,D
600,05:00:00,1200,06:00:00,D
600,06:00:00,900,08:30:00,D
600,08:30:00,1200,12:00:00,D
600,12:00:00,900,13:30:00,D
600,13:30:00,1200,18:30:00,D
600,18:30:00,900,21:30:00,D
600,21:30:00,1200,22:30:00,D
600,22:30:00,1800,25:00:00,D
601,05:00:00,1200,06:00:00,D
601,06:00:00,900,08:30:00,D
601,08:30:00,1200,12:00:00,D
601,12:00:00,900,13:30:00,D
601,13:30:00,1200,18:30:00,D
601,18:30:00,900,21:30:00,D
601,21:30:00,1200,22:30:00,D
601,22:30:00,1800,25:00:00,D
61,05:00:00,1500,06:00:00,D
61,06:00:00,1200,08:30:00,D
61,08:30:00,1500,12:00:00,D
61,12:00:00,1200,13:30:00,D
61,13:30:00,1500,18:30:00,D
61,18:30:00,1200,21:30:00,D
61,21:30:00,1500,22:30:00,D
61,22:30:00,1800,25:00:00,D
62,01:00:00,7200,05:00:00,D
62,05:00:00,900,06:00:00,D
62,06:00:00,600,08:30:00,D
62,08:30:00,900,12:00:00,D
62,12:00:00,600,13:30:00,D
62,13:30:00,900,18:30:00,D
62,18:30:00,600,21:30:00,D
62,21:30:00,900,22:30:00,D
62,22:30:00,1800,25:00:00,D
63,05:00:00,1200,06:00:00,D
63,06:00:00,1020,08:30:00,D
63,08:30:00,1200,12:00:00,D
63,12:00:00,1020,13:30:00,D
63,13:30:00,1200,18:30:00,D
63,18:30:00,1020,21:30:00,D
63,21:30:00,1200,22:30:00,D
63,22:30:00,1800,25:00:00,D
64,01:00:00,7200,05:00:00,D
64,05:00:00,1200,06:00:00,D
64,06:00:00,900,08:30:00,D
64,08:30:00,1200,12:00:00,D
64,12:00:00,900,13:30:00,D
64,13:30:00,1200,18:30:00,D
64,18:30:00,900,21:30:00,D
64,21:30:00,1200,22:30:00,D
64,22:30:00,1800,25:00:00,D
65,01:00:00,7200,05:00:00,D
65,05:00:00,1200,06:00:00,D
65,06:00:00,840,08:30:00,D
65,08:30:00,1200,12:00:00,D
65,12:00:00,840,13:30:00,D
65,13:30:00,1200,18:30:00,D
65,18:30:00,840,21:30:00,D
65,21:30:00,1200,22:30:00,D
65,22:30:00,1800,25:00:00,D
66,05:00:00,1200,06:00:00,D
66,06:00:00,960,08:30:00,D
66,08:30:00,1200,12:00:00,D
66,12:00:00,960,13:30:00,D
66,13:30:00,1200,18:30:00,D
66,18:30:00,960,21:30:00,D
66,21:30:00,1200,22:30:00,D
66,22:30:00,1800,25:00:00,D
67,05:00:00,1200,06:00:00,D
67,06:00:00,900,08:30:00,D
67,08:30:00,1200,12:00:00,D
67,12:00:00,900,13:30:00,D
67,13:30:00,1200,18:30:00,D
67,18:30:00,900,21:30:00,D
67,21:30:00,1200,22:30:00,D
67,22:30:00,2700,25:00:00,D
68,05:00:00,2700,06:00:00,D
68,06:00:00,1500,08:30:00,D
68,08:30:00,2700,12:00:00,D
68,12:00:00,1500,13:30:00,D
68,13:30:00,2700,18:30:00,D
68,18:30:00,1500,21:30:00,D
68,21:30:00,2700,22:30:00,D
70,01:00:00,3600,05:00:00,D
70,05:00:00,780,06:00:00,D
70,06:00:00,480,08:30:00,D
70,08:30:00,780,12:00:00,D
70,12:00:00,480,13:30:00,D
70,13:30:00,780,18:30:00,D
70,18:30:00,480,21:30:00,D
70,21:30:00,780,22:30:00,D
70,22:30:00,1200,25:00:00,D
71,01:00:00,7200,05:00:00,D
71,05:00:00,1020,06:00:00,D
71,06:00:00,720,08:30:00,D
71,08:30:00,1020,12:00:00,D
71,12:00:00,720,13:30:00,D
71,13:30:00,1020,18:30:00,D
71,18:30:00,720,21:30:00,D
71,21:30:00,1020,22:30:00,D
71,22:30:00,1800,25:00:00,D
72,05:00:00,1020,06:00:00,D
72,06:00:00,780,08:30:00,D
72,08:30:00,1020,12:00:00,D
72,12:00:00,780,13:30:00,D
72,13:30:00,1020,18:30:00,D
72,18:30:00,780,21:30:00,D
72,21:30:00,1020,22:30:00,D
72,22:30:00,1800,25:00:00,D
73,05:00:00,1800,06:00:00,D
73,06:00:00,1200,08:30:00,D
73,08:30:00,1800,12:00:00,D
73,12:00:00,1200,13:30:00,D
73,13:30:00,1800,18:30:00,D
73,18:30:00,1200,21:30:00,D
73,21:30:00,1800,22:30:00,D
73,22:30:00,1800,25:00:00,D
74,05:00:00,1200,06:00:00,D
74,06:00:00,840,08:30:00,D
74,08:30:00,1200,12:00:00,D
74,12:00:00,840,13:30:00,D
74,13:30:00,1200,18:30:00,D
74,18:30:00,840,21:30:00,D
74,21:30:00,1200,22:30:00,D
74,22:30:00,1800,25:00:00,D
75,05:00:00,1020,06:00:00,D
75,06:00:00,780,08:30:00,D
75,08:30:00,1020,12:00:00,D
75,12:00:00,780,13:30:00,D
75,13:30:00,1020,18:30:00,D
75,18:30:00,780,21:30:00,D
75,21:30:00,1020,22:30:00,D
75,22:30:00,1800,25:00:00,D
80,01:00:00,3600,05:00:00,D
80,05:00:00,720,06:00:00,D
80,06:00:00,480,08:30:00,D
80,08:30:00,720,12:00:00,D
80,12:00:00,480,13:30:00,D
80,13:30:00,720,18:30:00,D
80,18:30:00,480,21:30:00,D
80,21:30:00,720,22:30:00,D
80,22:30:00,1200,25:00:00,D
81,05:00:00,900,06:00:00,D
81,06:00:00,540,08:30:00,D
81,08:30:00,900,12:00:00,D
81,12:00:00,540,13:30:00,D
81,13:30:00,900,18:30:00,D
81,18:30:00,540,21:30:00,D
81,21:30:00,900,22:30:00,D
81,22:30:00,1200,25:00:00,D
82,01:00:00,3600,05:00:00,D
82,05:00:00,1200,06:00:00,D
82,06:00:00,900,08:30:00,D
82,08:30:00,1200,12:00:00,D
82,12:00:00,900,13:30:00,D
82,13:30:00,1200,18:30:00,D
82,18:30:00,900,21:30:00,D
82,21:30:00,1200,22:30:00,D
82,22:30:00,1800,25:00:00,D
83,05:00:00,1500,06:00:00,D
83,06:00:00,900,08:30:00,D
83,08:30:00,1500,12:00:00,D
83,12:00:00,900,13:30:00,D
83,13:30:00,1500,18:30:00,D
83,18:30:00,900,21:30:00,D
83,21:30:00,1500,22:30:00,D
83,22:30:00,2700,25:00:00,D
84,05:00:00,1020,06:00:00,D
84,06:00:00,720,08:30:00,D
84,08:30:00,1020,12:00:00,D
84,12:00:00,720,13:30:00,D
84,13:30:00,1020,18:30:00,D
84,18:30:00,720,21:30:00,D
84,21:30:00,1020,22:30:00,D
84,22:30:00,1800,25:00:00,D
b20,05:00:00,1800,06:00:00,D
b20,06:00:00,1200,08:30:00,D
b20,08:30:00,1800,12:00:00,D
b20,12:00:00,1200,13:30:00,D
b20,13:30:00,1800,18:30:00,D
b20,18:30:00,1200,21:30:00,D
b20,21:30:00,1800,22:30:00,D
b30,05:00:00,1200,06:00:00,D
b30,06:00:00,1200,08:30:00,D
b30,08:30:00,1200,12:00:00,D
b30,12:00:00,1200,13:30:00,D
b30,13:30:00,1200,18:30:00,D
b30,18:30:00,1200,21:30:00,D
b30,21:30:00,1200,22:30:00,D
b60,05:00:00,3600,06:00:00,D
b60,06:00:00,3480,08:30:00,D
b60,08:30:00,3600,12:00:00,D
b60,12:00:00,3480,13:30:00,D
b60,13:30:00,3600,18:30:00,D
b60,18:30:00,3480,21:30:00,D
b60,21:30:00,3600,22:30:00,D
b61,05:00:00,3600,06:00:00,D
b61,06:00:00,1800,08:30:00,D
b61,08:30:00,3600,12:00:00,D
b61,12:00:00,1800,13:30:00,D
b61,13:30:00,3600,18:30:00,D
b61,18:30:00,1800,21:30:00,D
b61,21:30:00,3600,22:30:00,D
b70,05:00:00,1800,06:00:00,D
b70,06:00:00,1200,08:30:00,D
b70,08:30:00,1800,12:00:00,D
b70,12:00:00,1200,13:30:00,D
b70,13:30:00,1800,18:30:00,D
b70,18:30:00,1200,21:30:00,D
b70,21:30:00,1800,22:30:00,D
b80,05:00:00,1800,06:00:00,D
b80,06:00:00,1200,08:30:00,D
b80,08:30:00,1800,12:00:00,D
b80,12:00:00,1200,13:30:00,D
b80,13:30:00,1800,18:30:00,D
b80,18:30:00,1200,21:30:00,D
b80,21:30:00,1800,22:30:00,D
d10,05:00:00,1500,06:00:00,D
d10,06:00:00,840,08:30:00,D
d10,08:30:00,1500,12:00:00,D
d10,12:00:00,840,13:30:00,D
d10,13:30:00,1500,18:30:00,D
d10,18:30:00,840,21:30:00,D
d10,21:30:00,1500,22:30:00,D
d20,05:00:00,1500,06:00:00,D
d20,06:00:00,1200,08:30:00,D
d20,08:30:00,1500,12:00:00,D
d20,12:00:00,1200,13:30:00,D
d20,13:30:00,1500,18:30:00,D
d20,18:30:00,1200,21:30:00,D
d20,21:30:00,1500,22:30:00,D
d30,05:00:00,1200,06:00:00,D
d30,06:00:00,900,08:30:00,D
d30,08:30:00,1200,12:00:00,D
d30,12:00:00,900,13:30:00,D
d30,13:30:00,1200,18:30:00,D
d30,18:30:00,900,21:30:00,D
d30,21:30:00,1200,22:30:00,D
d50,05:00:00,1200,06:00:00,D
d50,06:00:00,900,08:30:00,D
d50,08:30:00,1200,12:00:00,D
d50,12:00:00,900,13:30:00,D
d50,13:30:00,1200,18:30:00,D
d50,18:30:00,900,21:30:00,D
d50,21:30:00,1200,22:30:00,D
d80,05:00:00,1200,06:00:00,D
d80,06:00:00,900,08:30:00,D
d80,08:30:00,1200,12:00:00,D
d80,12:00:00,900,13:30:00,D
d80,13:30:00,1200,18:30:00,D
d80,18:30:00,900,21:30:00,D
d80,21:30:00,1200,22:30:00,D
TA,05:00:00,780,06:00:00,D
TA,06:00:00,420,08:30:00,D
TA,08:30:00,780,12:00:00,D
TA,12:00:00,420,13:30:00,D
TA,13:30:00,780,18:30:00,D
TA,18:30:00,420,21:30:00,D
TA,21:30:00,780,22:30:00,D
TA,22:30:00,1500,25:00:00,D
TB,05:00:00,720,06:00:00,D
TB,06:00:00,420,08:30:00,D
TB,08:30:00,720,12:00:00,D
TB,12:00:00,420,13:30:00,D
TB,13:30:00,720,18:30:00,D
TB,18:30:00,420,21:30:00,D
TB,21:30:00,720,22:30:00,D
TB,22:30:00,1500,25:00:00,D
TC,05:00:00,900,06:00:00,D
TC,06:00:00,540,08:30:00,D
TC,08:30:00,900,12:00:00,D
TC,12:00:00,540,13:30:00,D
TC,13:30:00,900,18:30:00,D
TC,18:30:00,540,21:30:00,D
TC,21:30:00,900,22:30:00,D
TC,22:30:00,1500,25:00:00,D
