trip_id,stop_id,stop_sequence
20.ida,4001,1
20.ida,4002,2
20.ida,4003,3
20.ida,4004,4
20.ida,4005,5
20.ida,4006,6
20.ida,4007,7
20.ida,4008,8
20.ida,4009,9
20.ida,4010,10
20.ida,4011,11
20.ida,4012,12
20.ida,4013,13
20.ida,4014,14
20.ida,4015,15
20.ida,4016,16
20.ida,4017,17
20.ida,4018,18
20.ida,4019,19
20.ida,4020,20
20.ida,4021,21
20.ida,4022,22
20.ida,4023,23
20.ida,4024,24
20.ida,4025,25
20.ida,4026,26
20.ida,4027,27
20.ida,4028,28
20.ida,4029,29
20.ida,4030,30
20.ida,4031,31
20.ida,4032,32
20.ida,4033,33
20.ida,4034,34
20.ida,4035,35
20.ida,4036,36
20.ida,4037,37
20.ida,4038,38
20.ida,4039,39
20.ida,4040,40
20.ida,4041,41
20.ida,4042,42
20.ida,4043,43
20.ida,4044,44
20.ida,4045,45
20.ida,4046,46
20.ida,4047,47
20.ida,4048,48
20.ida,4049,49
20.ida,4050,50
20.ida,4051,51
20.ida,4052,52
20.ida,4053,53
20.ida,4054,54
20.ida,4055,55
20.ida,4056,56
20.ida,4057,57
20.ida,4058,58
20.ida,4059,59
20.ida,4060,60
20.ida,4061,61
20.ida,4062,62
20.ida,4063,63
20.ida,4064,64
20.ida,4065,65
20.ida,4066,66
20.ida,4067,67
20.ida,4068,68
20.ida,4069,69
20.reg,4070,1
20.reg,4071,2
20.reg,4072,3
20.reg,4073,4
20.reg,4074,5
20.reg,4075,6
20.reg,4076,7
20.reg,4077,8
20.reg,4078,9
20.reg,4079,10
20.reg,4080,11
20.reg,4081,12
20.reg,4082,13
20.reg,4083,14
20.reg,4084,15
20.reg,4085,16
20.reg,4086,17
20.reg,4087,18
20.reg,4088,19
20.reg,4089,20
20.reg,4090,21
20.reg,4091,22
20.reg,4092,23
20.reg,4093,24
20.reg,4094,25
20.reg,4095,26
20.reg,4096,27
20.reg,4097,28
20.reg,4098,29
20.reg,4099,30
20.reg,4100,31
20.reg,4101,32
20.reg,4102,33
20.reg,4103,34
20.reg,4104,35
20.reg,4105,36
20.reg,4106,37
20.reg,4107,38
20.reg,4108,39
20.reg,4109,40
20.reg,4110,41
20.reg,4111,42
20.reg,4112,43
20.reg,4113,44
20.reg,4114,45
20.reg,4115,46
20.reg,4116,47
20.reg,4117,48
20.reg,4118,49
20.reg,4119,50
20.reg,4120,51
20.reg,4121,52
20.reg,4122,53
20.reg,4123,54
20.reg,4124,55
20.reg,4125,56
20.reg,4126,57
20.reg,4127,58
20.reg,4128,59
20.reg,4129,60
20.reg,4130,61
20.reg,4131,62
20.reg,4132,63
20.reg,4133,64
20.reg,4134,65
20.reg,4135,66
20.reg,4136,67
20.reg,4137,68
20.reg,4138,69
21.ida,4140,1
21.ida,4142,2
21.ida,4143,3
21.ida,4001,4
21.ida,4002,5
21.ida,4144,6
21.ida,4145,7
21.ida,4146,8
21.ida,4147,9
21.ida,4148,10
21.ida,4149,11
21.ida,4150,12
21.ida,4151,13
21.ida,4152,14
21.ida,4153,15
21.ida,4154,16
21.ida,4155,17
21.ida,4156,18
21.ida,4157,19
21.ida,4158,20
21.ida,4159,21
21.ida,4160,22
21.ida,4161,23
21.ida,4162,24
21.ida,4163,25
21.ida,4164,26
21.ida,4165,27
21.ida,4166,28
21.ida,4167,29
21.ida,4168,30
21.ida,4169,31
21.ida,4031,32
21.ida,4032,33
21.ida,4033,34
21.ida,4034,35
21.ida,4035,36
21.ida,4036,37
21.ida,4037,38
21.ida,4038,39
21.ida,4039,40
21.ida,4040,41
21.ida,4041,42
21.ida,4042,43
21.ida,4043,44
21.ida,4044,45
21.ida,4045,46
21.ida,4046,47
21.ida,4047,48
21.ida,4048,49
21.ida,4049,50
21.ida,4050,51
21.ida,4051,52
21.ida,4180,53
21.ida,4181,54
21.ida,4182,55
21.ida,4183,56
21.ida,4184,57
21.ida,4185,58
21.ida,4186,59
21.ida,4187,60
21.ida,4188,61
21.ida,4189,62
21.ida,4190,63
21.ida,4191,64
21.ida,4192,65
21.ida,4193,66
21.ida,4194,67
21.ida,4195,68
21.reg,4196,1
21.reg,4197,2
21.reg,4198,3
21.reg,4199,4
21.reg,4200,5
21.reg,4201,6
21.reg,4202,7
21.reg,4203,8
21.reg,4204,9
21.reg,4205,10
21.reg,4206,11
21.reg,4207,12
21.reg,4208,13
21.reg,4209,14
21.reg,4210,15
21.reg,4211,16
21.reg,4212,17
21.reg,4086,18
21.reg,4087,19
21.reg,4088,20
21.reg,4089,21
21.reg,4090,22
21.reg,4091,23
21.reg,4092,24
21.reg,4093,25
21.reg,4094,26
21.reg,4095,27
21.reg,4096,28
21.reg,4097,29
21.reg,4098,30
21.reg,4213,31
21.reg,4214,32
21.reg,4101,33
21.reg,4102,34
21.reg,4215,35
21.reg,4216,36
21.reg,4217,37
21.reg,4218,38
21.reg,4219,39
21.reg,4109,40
21.reg,4110,41
21.reg,4220,42
21.reg,4221,43
21.reg,4222,44
21.reg,4223,45
21.reg,4224,46
21.reg,4225,47
21.reg,4226,48
21.reg,4227,49
21.reg,4228,50
21.reg,4229,51
21.reg,4230,52
21.reg,4231,53
21.reg,4232,54
21.reg,4233,55
21.reg,4234,56
21.reg,4235,57
21.reg,4236,58
21.reg,4237,59
21.reg,4238,60
21.reg,4239,61
21.reg,4240,62
21.reg,4241,63
21.reg,4242,64
21.reg,4243,65
21.reg,4244,66
21.reg,4245,67
21.reg,4246,68
21.reg,4247,69
21.reg,4248,70
21.reg,4249,71
21.reg,5662,72
21.reg,4250,73
21.reg,4251,74
21.reg,4252,75
21.reg,4253,76
21.reg,4254,77
22.ida,4307,1
22.ida,4308,2
22.ida,4309,3
22.ida,4310,4
22.ida,4311,5
22.ida,4312,6
22.ida,4313,7
22.ida,4314,8
22.ida,4315,9
22.ida,4316,10
22.ida,4317,11
22.ida,4086,12
22.ida,4087,13
22.ida,4318,14
22.ida,4319,15
22.ida,4320,16
22.ida,4321,17
22.ida,4322,18
22.ida,4323,19
22.ida,4324,20
22.ida,4325,21
22.ida,4326,22
22.ida,4327,23
22.ida,4328,24
22.ida,4329,25
22.ida,4330,26
22.ida,4331,27
22.ida,4332,28
22.ida,4097,29
22.ida,4098,30
22.ida,4099,31
22.ida,4100,32
22.ida,4333,33
22.ida,4334,34
22.ida,4335,35
22.ida,4336,36
22.ida,4218,37
22.ida,4219,38
22.ida,4337,39
22.ida,4110,40
22.ida,4111,41
22.ida,4112,42
22.ida,4113,43
22.ida,4114,44
22.ida,4115,45
22.ida,4116,46
22.ida,4117,47
22.ida,4118,48
22.ida,4119,49
22.ida,4120,50
22.ida,4338,51
22.ida,4339,52
22.ida,4340,53
22.ida,4341,54
22.ida,4342,55
22.ida,4343,56
22.ida,4344,57
22.ida,4345,58
22.ida,4346,59
22.ida,4347,60
22.ida,4348,61
22.ida,4350,62
22.ida,4351,63
22.ida,4352,64
22.ida,4353,65
22.ida,4354,66
22.ida,4355,67
22.reg,4253,1
22.reg,4254,2
22.reg,4255,3
22.reg,4256,4
22.reg,4257,5
22.reg,4258,6
22.reg,4259,7
22.reg,4260,8
22.reg,4261,9
22.reg,4262,10
22.reg,4263,11
22.reg,4264,12
22.reg,4265,13
22.reg,4266,14
22.reg,4267,15
22.reg,4268,16
22.reg,4269,17
22.reg,4270,18
22.reg,4271,19
22.reg,4025,20
22.reg,4026,21
22.reg,4027,22
22.reg,4272,23
22.reg,4029,24
22.reg,4030,25
22.reg,4273,26
22.reg,4274,27
22.reg,4275,28
22.reg,4276,29
22.reg,4277,30
22.reg,4278,31
22.reg,4279,32
22.reg,4280,33
22.reg,4281,34
22.reg,4282,35
22.reg,4283,36
22.reg,4284,37
22.reg,4285,38
22.reg,4286,39
22.reg,4287,40
22.reg,4288,41
22.reg,4289,42
22.reg,4290,43
22.reg,4291,44
22.reg,4292,45
22.reg,4293,46
22.reg,4294,47
22.reg,4295,48
22.reg,4051,49
22.reg,4052,50
22.reg,4296,51
22.reg,4297,52
22.reg,4298,53
22.reg,4299,54
22.reg,4300,55
22.reg,4301,56
22.reg,4302,57
22.reg,4303,58
22.reg,4304,59
22.reg,4305,60
22.reg,4306,61
22.reg,4307,62
23.ida,4356,1
23.ida,4357,2
23.ida,4358,3
23.ida,4359,4
23.ida,4360,5
23.ida,4079,6
23.ida,4080,7
23.ida,4081,8
23.ida,4361,9
23.ida,4362,10
23.ida,4363,11
23.ida,4364,12
23.ida,4365,13
23.ida,4366,14
23.ida,4367,15
23.ida,4368,16
23.ida,4369,17
23.ida,4370,18
23.ida,4371,19
23.ida,4372,20
23.ida,4373,21
23.ida,4374,22
23.ida,4375,23
23.ida,4376,24
23.ida,4377,25
23.ida,4092,26
23.ida,4093,27
23.ida,4094,28
23.ida,4095,29
23.ida,4096,30
23.ida,4097,31
23.ida,4098,32
23.ida,4213,33
23.ida,4214,34
23.ida,4378,35
23.ida,4379,36
23.ida,4380,37
23.ida,4216,38
23.ida,4217,39
23.ida,4218,40
23.ida,4219,41
23.ida,4109,42
23.ida,4110,43
23.ida,4220,44
23.ida,4221,45
23.ida,4222,46
23.ida,4223,47
23.ida,4224,48
23.ida,4225,49
23.ida,4226,50
23.ida,4227,51
23.ida,4381,52
23.ida,4382,53
23.ida,4383,54
23.ida,4384,55
23.ida,4385,56
23.ida,4386,57
23.ida,4387,58
23.ida,4388,59
23.ida,4389,60
23.ida,4390,61
23.ida,4391,62
23.ida,4392,63
23.ida,4393,64
23.ida,4394,65
23.ida,4395,66
23.ida,4396,67
23.ida,4397,68
23.ida,4398,69
23.ida,4399,70
23.ida,4400,71
23.ida,4401,72
23.ida,4402,73
23.ida,4403,74
23.reg,4404,1
23.reg,4405,2
23.reg,4406,3
23.reg,4407,4
23.reg,4408,5
23.reg,4409,6
23.reg,4410,7
23.reg,4411,8
23.reg,4412,9
23.reg,4413,10
23.reg,4414,11
23.reg,4415,12
23.reg,4416,13
23.reg,4417,14
23.reg,4418,15
23.reg,4419,16
23.reg,4420,17
23.reg,4421,18
23.reg,4422,19
23.reg,4423,20
23.reg,4424,21
23.reg,4425,22
23.reg,4164,23
23.reg,4165,24
23.reg,4166,25
23.reg,4167,26
23.reg,4168,27
23.reg,4169,28
23.reg,4273,29
23.reg,4274,30
23.reg,4275,31
23.reg,4426,32
23.reg,4277,33
23.reg,4427,34
23.reg,4279,35
23.reg,4280,36
23.reg,4281,37
23.reg,4282,38
23.reg,4041,39
23.reg,4042,40
23.reg,4043,41
23.reg,4044,42
23.reg,4428,43
23.reg,4429,44
23.reg,4430,45
23.reg,4431,46
23.reg,4432,47
23.reg,4433,48
23.reg,4434,49
23.reg,4435,50
23.reg,4436,51
23.reg,4437,52
23.reg,4438,53
23.reg,4439,54
23.reg,4440,55
23.reg,4441,56
23.reg,4442,57
23.reg,4443,58
23.reg,4444,59
23.reg,4445,60
23.reg,4446,61
23.reg,4447,62
23.reg,4448,63
23.reg,4449,64
23.reg,4058,65
23.reg,4059,66
23.reg,4060,67
23.reg,4061,68
23.reg,4450,69
23.reg,4451,70
23.reg,4452,71
23.reg,4453,72
24.ida,4454,1
24.ida,4455,2
24.ida,4456,3
24.ida,4457,4
24.ida,4458,5
24.ida,4459,6
24.ida,4460,7
24.ida,4461,8
24.ida,4462,9
24.ida,4463,10
24.ida,4464,11
24.ida,4465,12
24.ida,4466,13
24.ida,4467,14
24.ida,4083,15
24.ida,4084,16
24.ida,4085,17
24.ida,4086,18
24.ida,4087,19
24.ida,4088,20
24.ida,4089,21
24.ida,4090,22
24.ida,4091,23
24.ida,4092,24
24.ida,4093,25
24.ida,4094,26
24.ida,4095,27
24.ida,4096,28
24.ida,4097,29
24.ida,4098,30
24.ida,4099,31
24.ida,4100,32
24.ida,4101,33
24.ida,4102,34
24.ida,4103,35
24.ida,4104,36
24.ida,4105,37
24.ida,4106,38
24.ida,4107,39
24.ida,4108,40
24.ida,4337,41
24.ida,4110,42
24.ida,4469,43
24.ida,4470,44
24.ida,4471,45
24.ida,4120,46
24.ida,4338,47
24.ida,4472,48
24.ida,4473,49
24.ida,4474,50
24.ida,4475,51
24.ida,4476,52
24.ida,4477,53
24.ida,4478,54
24.ida,4479,55
24.ida,4480,56
24.ida,4481,57
24.reg,4482,1
24.reg,4483,2
24.reg,4484,3
24.reg,4485,4
24.reg,4486,5
24.reg,4487,6
24.reg,4488,7
24.reg,4489,8
24.reg,4490,9
24.reg,4491,10
24.reg,4492,11
24.reg,4493,12
24.reg,4494,13
24.reg,4495,14
24.reg,4496,15
24.reg,4497,16
24.reg,4498,17
24.reg,4499,18
24.reg,4500,19
24.reg,4501,20
24.reg,4502,21
24.reg,4503,22
24.reg,4504,23
24.reg,4505,24
24.reg,4506,25
24.reg,4507,26
24.reg,4508,27
24.reg,4509,28
24.reg,4510,29
24.reg,4020,30
24.reg,4021,31
24.reg,4511,32
24.reg,4512,33
24.reg,4028,34
24.reg,4029,35
24.reg,4030,36
24.reg,4031,37
24.reg,4032,38
24.reg,4033,39
24.reg,4034,40
24.reg,4035,41
24.reg,4036,42
24.reg,4037,43
24.reg,4038,44
24.reg,4039,45
24.reg,4040,46
24.reg,4041,47
24.reg,4042,48
24.reg,4043,49
24.reg,4044,50
24.reg,4045,51
24.reg,4046,52
24.reg,4047,53
24.reg,4048,54
24.reg,4049,55
24.reg,4050,56
24.reg,4051,57
24.reg,4052,58
24.reg,4053,59
24.reg,4054,60
24.reg,4055,61
24.reg,4513,62
24.reg,4514,63
24.reg,4515,64
24.reg,4516,65
24.reg,4517,66
24.reg,4518,67
24.reg,4519,68
24.reg,4520,69
24.reg,4521,70
24.reg,4522,71
24.reg,4523,72
24.reg,4524,73
24.reg,4525,74
25.ida,4140,1
25.ida,4526,2
25.ida,4527,3
25.ida,4528,4
25.ida,4529,5
25.ida,4530,6
25.ida,4531,7
25.ida,4532,8
25.ida,4533,9
25.ida,4534,10
25.ida,4535,11
25.ida,4536,12
25.ida,4537,13
25.ida,4538,14
25.ida,4539,15
25.ida,4540,16
25.ida,4541,17
25.ida,4542,18
25.ida,4543,19
25.ida,4544,20
25.ida,4545,21
25.ida,4276,22
25.ida,4277,23
25.ida,4278,24
25.ida,4279,25
25.ida,4280,26
25.ida,4281,27
25.ida,4282,28
25.ida,4283,29
25.ida,4546,30
25.ida,4547,31
25.ida,4548,32
25.ida,4549,33
25.ida,4550,34
25.ida,4551,35
25.ida,4552,36
25.ida,4553,37
25.ida,4554,38
25.ida,4555,39
25.ida,4556,40
25.ida,4557,41
25.ida,4558,42
25.ida,4559,43
25.ida,4560,44
25.ida,4051,45
25.ida,4180,46
25.ida,4181,47
25.ida,4182,48
25.ida,4183,49
25.ida,4184,50
25.ida,4185,51
25.ida,4186,52
25.ida,4187,53
25.ida,4561,54
25.ida,5654,55
25.ida,5655,56
25.ida,5656,57
25.ida,5657,58
25.ida,5658,59
25.ida,5659,60
25.ida,5660,61
25.ida,5661,62
25.reg,4570,1
25.reg,4571,2
25.reg,4572,3
25.reg,4573,4
25.reg,4574,5
25.reg,4575,6
25.reg,4576,7
25.reg,4577,8
25.reg,4578,9
25.reg,4579,10
25.reg,4580,11
25.reg,4581,12
25.reg,4582,13
25.reg,4206,14
25.reg,4207,15
25.reg,4208,16
25.reg,4209,17
25.reg,4210,18
25.reg,4211,19
25.reg,4212,20
25.reg,4086,21
25.reg,4583,22
25.reg,4584,23
25.reg,4585,24
25.reg,4586,25
25.reg,4587,26
25.reg,4588,27
25.reg,4589,28
25.reg,4590,29
25.reg,4591,30
25.reg,4592,31
25.reg,4593,32
25.reg,4594,33
25.reg,4595,34
25.reg,4596,35
25.reg,4597,36
25.reg,4598,37
25.reg,4599,38
25.reg,4097,39
25.reg,4098,40
25.reg,4213,41
25.reg,4214,42
25.reg,4378,43
25.reg,4379,44
25.reg,4103,45
25.reg,4104,46
25.reg,4600,47
25.reg,4601,48
25.reg,4602,49
25.reg,4603,50
25.reg,4604,51
25.reg,4605,52
25.reg,4606,53
25.reg,4607,54
25.reg,4608,55
25.reg,4609,56
25.reg,4610,57
25.reg,4611,58
25.reg,4612,59
25.reg,4613,60
25.reg,4614,61
25.reg,4615,62
25.reg,4616,63
25.reg,4617,64
25.reg,4618,65
25.reg,4619,66
25.reg,4252,67
26.ida,5663,1
26.ida,5664,2
26.ida,5665,3
26.ida,5666,4
26.ida,5667,5
26.ida,5668,6
26.ida,5669,7
26.ida,5670,8
26.ida,4620,9
26.ida,4621,10
26.ida,4622,11
26.ida,4623,12
26.ida,4624,13
26.ida,4025,14
26.ida,4026,15
26.ida,4027,16
26.ida,4272,17
26.ida,4029,18
26.ida,4030,19
26.ida,4273,20
26.ida,4274,21
26.ida,4275,22
26.ida,4426,23
26.ida,4277,24
26.ida,4427,25
26.ida,4279,26
26.ida,4280,27
26.ida,4281,28
26.ida,4282,29
26.ida,4041,30
26.ida,4042,31
26.ida,4043,32
26.ida,4044,33
26.ida,4428,34
26.ida,4429,35
26.ida,4430,36
26.ida,4431,37
26.ida,4432,38
26.ida,4433,39
26.ida,4434,40
26.ida,4435,41
26.ida,4436,42
26.ida,4625,43
26.ida,4626,44
26.ida,4627,45
26.ida,4628,46
26.ida,4629,47
26.ida,4630,48
26.ida,4631,49
26.ida,4632,50
26.ida,4633,51
26.ida,4634,52
26.ida,4635,53
26.ida,4636,54
26.ida,4637,55
26.ida,4638,56
26.ida,4639,57
26.ida,4640,58
26.ida,4641,59
26.ida,4642,60
26.ida,4643,61
26.ida,4644,62
26.ida,4645,63
26.ida,4646,64
26.ida,4647,65
26.ida,4648,66
26.ida,4649,67
26.ida,4650,68
26.ida,4651,69
26.ida,4652,70
26.ida,4653,71
26.ida,4654,72
26.ida,4655,73
26.ida,4656,74
26.ida,4657,75
26.ida,4658,76
26.ida,4659,77
26.reg,4203,1
26.reg,4660,2
26.reg,4661,3
26.reg,4662,4
26.reg,4663,5
26.reg,4664,6
26.reg,4665,7
26.reg,4666,8
26.reg,4648,9
26.reg,4667,10
26.reg,4668,11
26.reg,4650,12
26.reg,4651,13
26.reg,4670,14
26.reg,4671,15
26.reg,4672,16
26.reg,4673,17
26.reg,4674,18
26.reg,4675,19
26.reg,4676,20
26.reg,4677,21
26.reg,4678,22
26.reg,4679,23
26.reg,4680,24
26.reg,4681,25
26.reg,4682,26
26.reg,4683,27
26.reg,4684,28
26.reg,4685,29
26.reg,4686,30
26.reg,4687,31
26.reg,4688,32
26.reg,4689,33
26.reg,4690,34
26.reg,4691,35
26.reg,4692,36
26.reg,4693,37
26.reg,4371,38
26.reg,4372,39
26.reg,4373,40
26.reg,4374,41
26.reg,4375,42
26.reg,4376,43
26.reg,4377,44
26.reg,4092,45
26.reg,4093,46
26.reg,4094,47
26.reg,4095,48
26.reg,4096,49
26.reg,4097,50
26.reg,4098,51
26.reg,4099,52
26.reg,4100,53
26.reg,4333,54
26.reg,4334,55
26.reg,4335,56
26.reg,4336,57
26.reg,4694,58
26.reg,4695,59
26.reg,4696,60
26.reg,4219,61
26.reg,4337,62
26.reg,4110,63
26.reg,4111,64
26.reg,4112,65
26.reg,4113,66
26.reg,4114,67
26.reg,4115,68
26.reg,4116,69
26.reg,4117,70
26.reg,4697,71
26.reg,4698,72
26.reg,4699,73
26.reg,4700,74
26.reg,4701,75
26.reg,4702,76
26.reg,4703,77
26.reg,4704,78
26.reg,4705,79
26.reg,4706,80
26.reg,4355,81
26.reg,4707,82
27.ida,4001,1
27.ida,4002,2
27.ida,4144,3
27.ida,4145,4
27.ida,4146,5
27.ida,4147,6
27.ida,4148,7
27.ida,4149,8
27.ida,4150,9
27.ida,4151,10
27.ida,4152,11
27.ida,4153,12
27.ida,4154,13
27.ida,4708,14
27.ida,4709,15
27.ida,4710,16
27.ida,4711,17
27.ida,4419,18
27.ida,4420,19
27.ida,4421,20
27.ida,4536,21
27.ida,4537,22
27.ida,4538,23
27.ida,4539,24
27.ida,4540,25
27.ida,4541,26
27.ida,4542,27
27.ida,4543,28
27.ida,4544,29
27.ida,4545,30
27.ida,4173,31
27.ida,4174,32
27.ida,4427,33
27.ida,4037,34
27.ida,4038,35
27.ida,4039,36
27.ida,4040,37
27.ida,4041,38
27.ida,4042,39
27.ida,4043,40
27.ida,4044,41
27.ida,4045,42
27.ida,4046,43
27.ida,4047,44
27.ida,4048,45
27.ida,4049,46
27.ida,4050,47
27.ida,4713,48
27.ida,4714,49
27.ida,4715,50
27.ida,4716,51
27.ida,4717,52
27.ida,4446,53
27.ida,4718,54
27.ida,4719,55
27.ida,4720,56
27.ida,4721,57
27.ida,4722,58
27.ida,4723,59
27.ida,4724,60
27.ida,4725,61
27.ida,4643,62
27.ida,4644,63
27.ida,4645,64
27.ida,4646,65
27.ida,4647,66
27.ida,4648,67
27.ida,4726,68
27.ida,4727,69
27.ida,4728,70
27.ida,4729,71
27.ida,4730,72
27.ida,4731,73
27.ida,4732,74
27.ida,4733,75
27.ida,4734,76
27.ida,4735,77
27.ida,4736,78
27.ida,4737,79
27.ida,4738,80
27.ida,4739,81
27.ida,4740,82
27.ida,4741,83
27.ida,4742,84
27.reg,4743,1
27.reg,4744,2
27.reg,4745,3
27.reg,4746,4
27.reg,4747,5
27.reg,4748,6
27.reg,4749,7
27.reg,4750,8
27.reg,4751,9
27.reg,4752,10
27.reg,4753,11
27.reg,4754,12
27.reg,4755,13
27.reg,4756,14
27.reg,4757,15
27.reg,4758,16
27.reg,4651,17
27.reg,4670,18
27.reg,4671,19
27.reg,4672,20
27.reg,4673,21
27.reg,4674,22
27.reg,4675,23
27.reg,4676,24
27.reg,4759,25
27.reg,4760,26
27.reg,4761,27
27.reg,4762,28
27.reg,4763,29
27.reg,4764,30
27.reg,4765,31
27.reg,4766,32
27.reg,4363,33
27.reg,4364,34
27.reg,4445,35
27.reg,4767,36
27.reg,4768,37
27.reg,4769,38
27.reg,4770,39
27.reg,4771,40
27.reg,4088,41
27.reg,4089,42
27.reg,4090,43
27.reg,4091,44
27.reg,4092,45
27.reg,4093,46
27.reg,4094,47
27.reg,4095,48
27.reg,4096,49
27.reg,4097,50
27.reg,4098,51
27.reg,4213,52
27.reg,4214,53
27.reg,4378,54
27.reg,4379,55
27.reg,4103,56
27.reg,4104,57
27.reg,4592,58
27.reg,4593,59
27.reg,4594,60
27.reg,4595,61
27.reg,4596,62
27.reg,4597,63
27.reg,4598,64
27.reg,4599,65
27.reg,4600,66
27.reg,4385,67
27.reg,4386,68
27.reg,4387,69
27.reg,4772,70
27.reg,4773,71
27.reg,4774,72
27.reg,4775,73
27.reg,4776,74
27.reg,4777,75
27.reg,4241,76
27.reg,4242,77
27.reg,4243,78
27.reg,4244,79
27.reg,4245,80
27.reg,4246,81
27.reg,4247,82
27.reg,4248,83
27.reg,4249,84
28.ida,4778,1
28.ida,4779,2
28.ida,4780,3
28.ida,4781,4
28.ida,4782,5
28.ida,4783,6
28.ida,4784,7
28.ida,4785,8
28.ida,4786,9
28.ida,4787,10
28.ida,4788,11
28.ida,4789,12
28.ida,4790,13
28.ida,4791,14
28.ida,4792,15
28.ida,4793,16
28.ida,4794,17
28.ida,4795,18
28.ida,4796,19
28.ida,4797,20
28.ida,4798,21
28.ida,4799,22
28.ida,4800,23
28.ida,4801,24
28.ida,4802,25
28.ida,4803,26
28.ida,4804,27
28.ida,4586,28
28.ida,4587,29
28.ida,4588,30
28.ida,4589,31
28.ida,4590,32
28.ida,4591,33
28.ida,4097,34
28.ida,4098,35
28.ida,4213,36
28.ida,4214,37
28.ida,4378,38
28.ida,4379,39
28.ida,4380,40
28.ida,4216,41
28.ida,4217,42
28.ida,4218,43
28.ida,4219,44
28.ida,4109,45
28.ida,4110,46
28.ida,4220,47
28.ida,4221,48
28.ida,4222,49
28.ida,4805,50
28.ida,4806,51
28.ida,4807,52
28.ida,4596,53
28.ida,4597,54
28.ida,4598,55
28.ida,4599,56
28.ida,4600,57
28.ida,4385,58
28.ida,4386,59
28.ida,4387,60
28.ida,4388,61
28.ida,4389,62
28.ida,4809,63
28.ida,4810,64
28.ida,4811,65
28.ida,4812,66
28.ida,4402,67
28.ida,4813,68
28.ida,4814,69
28.ida,4815,70
28.ida,4816,71
28.ida,4817,72
28.reg,4147,1
28.reg,4148,2
28.reg,4818,3
28.reg,4819,4
28.reg,4820,5
28.reg,4406,6
28.reg,4407,7
28.reg,4821,8
28.reg,4822,9
28.reg,4823,10
28.reg,4824,11
28.reg,4825,12
28.reg,4418,13
28.reg,4419,14
28.reg,4420,15
28.reg,4421,16
28.reg,4536,17
28.reg,4537,18
28.reg,4538,19
28.reg,4539,20
28.reg,4540,21
28.reg,4541,22
28.reg,4827,23
28.reg,4167,24
28.reg,4168,25
28.reg,4169,26
28.reg,4273,27
28.reg,4274,28
28.reg,4275,29
28.reg,4276,30
28.reg,4277,31
28.reg,4278,32
28.reg,4279,33
28.reg,4280,34
28.reg,4281,35
28.reg,4282,36
28.reg,4283,37
28.reg,4546,38
28.reg,4547,39
28.reg,4548,40
28.reg,4549,41
28.reg,4550,42
28.reg,4551,43
28.reg,4828,44
28.reg,4829,45
28.reg,4830,46
28.reg,4831,47
28.reg,4832,48
28.reg,4833,49
28.reg,4834,50
28.reg,4835,51
28.reg,4836,52
28.reg,4837,53
28.reg,4838,54
28.reg,4839,55
28.reg,4840,56
28.reg,4841,57
28.reg,4842,58
28.reg,4843,59
28.reg,4844,60
28.reg,4845,61
28.reg,4846,62
28.reg,4847,63
28.reg,4848,64
28.reg,4849,65
28.reg,4850,66
28.reg,4851,67
28.reg,4852,68
28.reg,4853,69
28.reg,4854,70
28.reg,4855,71
28.reg,4525,72
29.ida,4856,1
29.ida,4857,2
29.ida,4858,3
29.ida,4859,4
29.ida,4860,5
29.ida,4861,6
29.ida,4862,7
29.ida,4863,8
29.ida,4864,9
29.ida,4865,10
29.ida,4866,11
29.ida,4867,12
29.ida,4868,13
29.ida,4869,14
29.ida,4870,15
29.ida,4871,16
29.ida,4872,17
29.ida,4873,18
29.ida,4874,19
29.ida,4875,20
29.ida,4876,21
29.ida,4877,22
29.ida,4878,23
29.ida,4140,24
29.ida,4526,25
29.ida,4527,26
29.ida,4528,27
29.ida,4529,28
29.ida,4530,29
29.ida,4531,30
29.ida,4532,31
29.ida,4533,32
29.ida,4534,33
29.ida,4535,34
29.ida,4536,35
29.ida,4537,36
29.ida,4538,37
29.ida,4539,38
29.ida,4540,39
29.ida,4541,40
29.ida,4542,41
29.ida,4543,42
29.ida,4544,43
29.ida,4545,44
29.ida,4276,45
29.ida,4216,46
29.ida,4217,47
29.ida,4218,48
29.ida,4219,49
29.ida,4468,50
29.ida,4469,51
29.ida,4470,52
29.ida,4471,53
29.ida,4120,54
29.ida,4338,55
29.ida,4472,56
29.ida,4473,57
29.ida,4474,58
29.ida,4475,59
29.ida,4476,60
29.ida,4477,61
29.ida,4478,62
29.ida,4479,63
29.ida,4480,64
29.ida,4879,65
29.ida,4880,66
29.ida,4881,67
29.ida,4882,68
29.ida,4883,69
29.ida,4884,70
29.ida,4885,71
29.ida,4886,72
29.ida,4887,73
29.ida,4888,74
29.ida,4889,75
29.ida,4890,76
29.ida,4891,77
29.ida,4892,78
29.ida,4893,79
29.ida,4894,80
29.ida,4895,81
29.ida,4896,82
29.reg,4897,1
29.reg,4898,2
29.reg,4899,3
29.reg,4900,4
29.reg,4901,5
29.reg,4902,6
29.reg,4903,7
29.reg,4904,8
29.reg,4905,9
29.reg,4906,10
29.reg,4907,11
29.reg,4908,12
29.reg,4909,13
29.reg,4910,14
29.reg,4911,15
29.reg,4912,16
29.reg,4913,17
29.reg,4914,18
29.reg,4915,19
29.reg,4498,20
29.reg,4499,21
29.reg,4500,22
29.reg,4501,23
29.reg,4502,24
29.reg,4503,25
29.reg,4504,26
29.reg,4505,27
29.reg,4506,28
29.reg,4507,29
29.reg,4508,30
29.reg,4509,31
29.reg,4510,32
29.reg,4020,33
29.reg,4021,34
29.reg,4511,35
29.reg,4512,36
29.reg,4028,37
29.reg,4029,38
29.reg,4030,39
29.reg,4031,40
29.reg,4032,41
29.reg,4033,42
29.reg,4916,43
29.reg,4917,44
29.reg,4918,45
29.reg,4102,46
29.reg,4103,47
29.reg,4104,48
29.reg,4592,49
29.reg,4593,50
29.reg,4594,51
29.reg,4595,52
29.reg,4596,53
29.reg,4597,54
29.reg,4598,55
29.reg,4599,56
29.reg,4600,57
29.reg,4601,58
29.reg,4602,59
29.reg,4603,60
29.reg,4604,61
29.reg,4605,62
29.reg,4606,63
29.reg,4607,64
29.reg,4608,65
29.reg,4609,66
29.reg,4610,67
29.reg,4611,68
29.reg,4252,69
29.reg,4982,70
29.reg,4919,71
29.reg,4920,72
29.reg,4921,73
29.reg,4922,74
29.reg,4923,75
29.reg,4924,76
29.reg,4925,77
29.reg,4926,78
29.reg,4927,79
29.reg,4928,80
29.reg,4929,81
29.reg,4930,82
29.reg,4931,83
29.reg,4932,84
29.reg,4933,85
29.reg,4934,86
29.reg,4935,87
29.reg,4936,88
29.reg,4937,89
29.reg,4938,90
29.reg,4939,91
29.reg,4940,92
b20.ida,4778,1
b20.ida,4779,2
b20.ida,4311,3
b20.ida,4312,4
b20.ida,4941,5
b20.ida,4942,6
b20.ida,4943,7
b20.ida,4944,8
b20.ida,4945,9
b20.ida,4946,10
b20.ida,4947,11
b20.ida,4948,12
b20.ida,4949,13
b20.ida,4079,14
b20.ida,4080,15
b20.ida,4081,16
b20.ida,4361,17
b20.ida,4362,18
b20.ida,4363,19
b20.ida,4364,20
b20.ida,4365,21
b20.ida,4366,22
b20.ida,4367,23
b20.ida,4950,24
b20.ida,4951,25
b20.ida,4320,26
b20.ida,4321,27
b20.ida,4322,28
b20.ida,4952,29
b20.ida,4953,30
b20.ida,4954,31
b20.ida,4955,32
b20.ida,4956,33
b20.ida,4957,34
b20.ida,4958,35
b20.ida,4959,36
b20.reg,4960,1
b20.reg,4961,2
b20.reg,4962,3
b20.reg,4963,4
b20.reg,4964,5
b20.reg,4965,6
b20.reg,4966,7
b20.reg,4967,8
b20.reg,4968,9
b20.reg,4969,10
b20.reg,4970,11
b20.reg,4971,12
b20.reg,4972,13
b20.reg,4441,14
b20.reg,4442,15
b20.reg,4443,16
b20.reg,4444,17
b20.reg,4445,18
b20.reg,4446,19
b20.reg,4447,20
b20.reg,4448,21
b20.reg,4449,22
b20.reg,4058,23
b20.reg,4059,24
b20.reg,4973,25
b20.reg,4974,26
b20.reg,4975,27
b20.reg,4976,28
b20.reg,4977,29
b20.reg,4978,30
b20.reg,4520,31
b20.reg,4521,32
b20.reg,4979,33
b20.reg,4980,34
b20.reg,4981,35
b20.reg,4302,36
b20.reg,4303,37
b20.reg,4304,38
b20.reg,4983,39
d20.ida,4001,1
d20.ida,4002,2
d20.ida,4003,3
d20.ida,4984,4
d20.ida,4985,5
d20.ida,4986,6
d20.ida,4009,7
d20.ida,4010,8
d20.ida,4011,9
d20.ida,4012,10
d20.ida,4013,11
d20.ida,4014,12
d20.ida,4987,13
d20.ida,4988,14
d20.ida,4509,15
d20.ida,4510,16
d20.ida,4020,17
d20.ida,4021,18
d20.ida,4511,19
d20.ida,4512,20
d20.ida,4028,21
d20.ida,4029,22
d20.ida,4030,23
d20.ida,4989,24
d20.ida,4990,25
d20.ida,4991,26
d20.ida,4992,27
d20.ida,4993,28
d20.ida,4994,29
d20.ida,4995,30
d20.ida,4996,31
d20.ida,4997,32
d20.ida,4998,33
d20.ida,4999,34
d20.ida,4041,35
d20.ida,4042,36
d20.ida,4043,37
d20.ida,4044,38
d20.ida,4045,39
d20.ida,4046,40
d20.ida,4047,41
d20.ida,4048,42
d20.ida,4049,43
d20.ida,4050,44
d20.ida,4051,45
d20.ida,4180,46
d20.ida,4181,47
d20.ida,4182,48
d20.ida,4183,49
d20.ida,4184,50
d20.ida,4185,51
d20.ida,4186,52
d20.ida,4187,53
d20.ida,4561,54
d20.ida,4561,55
d20.ida,4561,56
d20.ida,4561,57
d20.ida,4561,58
d20.ida,4561,59
d20.ida,4561,60
d20.ida,4561,61
d20.reg,4562,1
d20.reg,4563,2
d20.reg,4564,3
d20.reg,4565,4
d20.reg,4566,5
d20.reg,4567,6
d20.reg,4568,7
d20.reg,4569,8
d20.reg,4570,9
d20.reg,4571,10
d20.reg,4572,11
d20.reg,4573,12
d20.reg,4574,13
d20.reg,4206,14
d20.reg,4207,15
d20.reg,4208,16
d20.reg,4209,17
d20.reg,4210,18
d20.reg,4211,19
d20.reg,4212,20
d20.reg,4086,21
d20.reg,4087,22
d20.reg,4088,23
d20.reg,4089,24
d20.reg,4090,25
d20.reg,4091,26
d20.reg,4092,27
d20.reg,4093,28
d20.reg,4094,29
d20.reg,4095,30
d20.reg,4096,31
d20.reg,4097,32
d20.reg,4098,33
d20.reg,5000,34
d20.reg,5001,35
d20.reg,5002,36
d20.reg,5003,37
d20.reg,5004,38
d20.reg,5005,39
d20.reg,5006,40
d20.reg,4218,41
d20.reg,4219,42
d20.reg,4109,43
d20.reg,4110,44
d20.reg,4111,45
d20.reg,4112,46
d20.reg,4113,47
d20.reg,5007,48
d20.reg,4471,49
d20.reg,4120,50
d20.reg,4121,51
d20.reg,4122,52
d20.reg,4123,53
d20.reg,4124,54
d20.reg,4125,55
d20.reg,4126,56
d20.reg,4127,57
d20.reg,4128,58
d20.reg,4129,59
d20.reg,4130,60
d20.reg,4131,61
d20.reg,4132,62
d20.reg,4133,63
d20.reg,5008,64
d20.reg,5009,65
d20.reg,4137,66
d20.reg,4138,67
70.ida,5010,1
70.ida,5011,2
70.ida,5012,3
70.ida,5013,4
70.ida,5014,5
70.ida,5015,6
70.ida,5016,7
70.ida,5017,8
70.ida,5018,9
70.ida,5019,10
70.ida,5020,11
70.ida,5021,12
70.ida,5022,13
70.ida,5023,14
70.ida,5024,15
70.ida,5025,16
70.ida,5026,17
70.ida,5027,18
70.ida,5028,19
70.ida,5029,20
70.ida,5030,21
70.ida,5031,22
70.ida,5032,23
70.ida,5033,24
70.ida,5034,25
70.ida,5035,26
70.ida,5036,27
70.ida,5037,28
70.ida,5038,29
70.ida,5039,30
70.ida,4543,31
70.ida,4544,32
70.ida,4545,33
70.ida,5043,34
70.ida,5044,35
70.ida,5045,36
70.ida,5046,37
70.ida,5047,38
70.ida,5048,39
70.ida,5049,40
70.ida,5050,41
70.ida,5051,42
70.ida,5052,43
70.ida,5053,44
70.ida,5054,45
70.ida,5055,46
70.ida,5056,47
70.ida,5057,48
70.ida,5058,49
70.ida,5059,50
70.ida,5060,51
70.ida,5061,52
70.ida,5062,53
70.ida,5063,54
70.ida,5064,55
70.ida,5065,56
70.ida,5066,57
70.ida,5067,58
70.ida,5068,59
70.ida,5069,60
70.ida,5070,61
70.ida,5071,62
70.ida,5072,63
70.ida,5073,64
70.ida,5074,65
70.ida,5075,66
70.ida,5076,67
70.ida,5077,68
70.ida,5078,69
70.ida,5079,70
70.reg,5080,1
70.reg,5081,2
70.reg,5082,3
70.reg,5083,4
70.reg,5084,5
70.reg,5085,6
70.reg,5086,7
70.reg,5087,8
70.reg,5088,9
70.reg,5089,10
70.reg,5090,11
70.reg,5091,12
70.reg,5092,13
70.reg,5093,14
70.reg,5094,15
70.reg,5095,16
70.reg,5096,17
70.reg,5097,18
70.reg,5098,19
70.reg,5099,20
70.reg,5100,21
70.reg,5101,22
70.reg,5102,23
70.reg,5103,24
70.reg,5104,25
70.reg,5105,26
70.reg,5106,27
70.reg,5107,28
70.reg,5108,29
70.reg,5109,30
70.reg,5110,31
70.reg,5111,32
70.reg,5112,33
70.reg,5113,34
70.reg,5114,35
70.reg,5115,36
70.reg,5116,37
70.reg,5117,38
70.reg,4592,39
70.reg,5119,40
70.reg,5120,41
70.reg,5121,42
70.reg,5122,43
70.reg,5123,44
70.reg,5124,45
70.reg,5125,46
70.reg,5126,47
70.reg,5127,48
70.reg,5128,49
70.reg,5129,50
70.reg,5130,51
70.reg,5131,52
70.reg,5132,53
70.reg,5133,54
70.reg,5134,55
70.reg,5135,56
70.reg,5136,57
70.reg,5137,58
70.reg,5138,59
70.reg,5139,60
70.reg,5140,61
70.reg,5141,62
70.reg,5142,63
70.reg,5143,64
70.reg,5144,65
70.reg,5145,66
70.reg,5146,67
71.ida,5147,1
71.ida,5148,2
71.ida,5149,3
71.ida,5150,4
71.ida,5151,5
71.ida,5152,6
71.ida,5153,7
71.ida,5154,8
71.ida,5155,9
71.ida,5156,10
71.ida,5157,11
71.ida,5158,12
71.ida,5159,13
71.ida,5160,14
71.ida,5161,15
71.ida,5162,16
71.ida,5163,17
71.ida,5164,18
71.ida,5207,19
71.ida,5165,20
71.ida,5096,21
71.ida,5097,22
71.ida,5098,23
71.ida,5099,24
71.ida,5100,25
71.ida,5101,26
71.ida,5102,27
71.ida,5103,28
71.ida,5104,29
71.ida,5105,30
71.ida,5106,31
71.ida,5107,32
71.ida,5108,33
71.ida,5109,34
71.ida,5110,35
71.ida,5111,36
71.ida,5112,37
71.ida,5166,38
71.ida,5114,39
71.ida,5115,40
71.ida,5167,41
71.ida,5117,42
71.ida,4592,43
71.ida,5119,44
71.ida,5120,45
71.ida,5121,46
71.ida,5122,47
71.ida,5123,48
71.ida,5124,49
71.ida,5125,50
71.ida,5126,51
71.ida,5168,52
71.ida,5169,53
71.ida,5170,54
71.ida,5171,55
71.ida,5172,56
71.ida,5173,57
71.ida,5174,58
71.ida,5175,59
71.ida,5176,60
71.ida,5177,61
71.ida,5178,62
71.ida,5179,63
71.ida,5180,64
71.ida,5181,65
71.ida,5182,66
71.ida,5183,67
71.ida,5184,68
71.ida,5185,69
71.ida,5186,70
71.ida,5187,71
71.reg,5188,1
71.reg,5189,2
71.reg,5190,3
71.reg,5191,4
71.reg,5192,5
71.reg,5193,6
71.reg,5194,7
71.reg,5195,8
71.reg,5196,9
71.reg,5197,10
71.reg,5198,11
71.reg,5199,12
71.reg,5026,13
71.reg,5200,14
71.reg,5201,15
71.reg,5202,16
71.reg,5203,17
71.reg,5204,18
71.reg,5205,19
71.reg,5206,20
71.reg,5033,21
71.reg,5034,22
71.reg,5035,23
71.reg,5036,24
71.reg,5037,25
71.reg,5038,26
71.reg,5039,27
71.reg,4543,28
71.reg,4544,29
71.reg,4545,30
71.reg,5208,31
71.reg,5209,32
71.reg,5210,33
71.reg,5211,34
71.reg,5047,35
71.reg,5048,36
71.reg,5049,37
71.reg,5050,38
71.reg,5051,39
71.reg,5052,40
71.reg,5053,41
71.reg,5054,42
71.reg,5055,43
71.reg,5056,44
71.reg,5057,45
71.reg,5058,46
71.reg,5059,47
71.reg,5060,48
71.reg,5061,49
71.reg,5062,50
71.reg,5063,51
71.reg,5064,52
71.reg,5212,53
71.reg,5213,54
71.reg,5214,55
71.reg,5215,56
71.reg,5216,57
71.reg,5217,58
71.reg,5218,59
71.reg,5219,60
71.reg,5220,61
71.reg,5221,62
71.reg,5222,63
71.reg,5223,64
71.reg,5224,65
71.reg,5225,66
71.reg,5226,67
71.reg,5227,68
71.reg,5228,69
71.reg,5229,70
72.ida,5147,1
72.ida,5148,2
72.ida,5149,3
72.ida,5150,4
72.ida,5151,5
72.ida,5152,6
72.ida,5153,7
72.ida,5154,8
72.ida,5230,9
72.ida,5231,10
72.ida,5232,11
72.ida,5233,12
72.ida,5234,13
72.ida,5235,14
72.ida,5236,15
72.ida,5237,16
72.ida,5238,17
72.ida,5095,18
72.ida,5239,19
72.ida,5240,20
72.ida,5241,21
72.ida,5242,22
72.ida,5243,23
72.ida,5244,24
72.ida,5245,25
72.ida,5246,26
72.ida,5247,27
72.ida,5248,28
72.ida,5249,29
72.ida,5101,30
72.ida,5102,31
72.ida,5103,32
72.ida,5104,33
72.ida,5105,34
72.ida,5106,35
72.ida,5107,36
72.ida,5108,37
72.ida,5109,38
72.ida,5110,39
72.ida,5111,40
72.ida,5112,41
72.ida,5166,42
72.ida,4333,43
72.ida,4334,44
72.ida,5167,45
72.ida,5117,46
72.ida,5250,47
72.ida,5251,48
72.ida,5252,49
72.ida,5253,50
72.ida,5254,51
72.ida,5255,52
72.ida,5256,53
72.ida,5257,54
72.ida,5258,55
72.ida,5259,56
72.ida,5260,57
72.ida,5261,58
72.ida,5262,59
72.ida,5263,60
72.ida,5264,61
72.ida,5265,62
72.ida,5134,63
72.ida,5266,64
72.ida,5267,65
72.ida,5268,66
72.ida,5269,67
72.ida,5270,68
72.ida,5271,69
72.ida,5272,70
72.ida,5273,71
72.ida,5274,72
72.ida,5275,73
72.ida,5276,74
72.ida,5277,75
72.ida,5278,76
72.ida,5279,77
72.ida,5280,78
72.ida,5281,79
72.ida,5282,80
72.ida,5283,81
72.ida,5284,82
72.ida,5285,83
72.ida,5286,84
72.reg,5287,1
72.reg,5288,2
72.reg,5289,3
72.reg,5290,4
72.reg,5291,5
72.reg,5292,6
72.reg,5293,7
72.reg,5294,8
72.reg,5295,9
72.reg,5296,10
72.reg,5297,11
72.reg,5298,12
72.reg,5299,13
72.reg,5300,14
72.reg,5301,15
72.reg,5302,16
72.reg,5303,17
72.reg,5304,18
72.reg,5305,19
72.reg,5306,20
72.reg,5307,21
72.reg,5024,22
72.reg,5025,23
72.reg,5026,24
72.reg,5027,25
72.reg,5028,26
72.reg,5029,27
72.reg,5030,28
72.reg,5031,29
72.reg,5308,30
72.reg,5309,31
72.reg,5310,32
72.reg,5311,33
72.reg,5312,34
72.reg,5313,35
72.reg,5314,36
72.reg,5315,37
72.reg,5316,38
72.reg,4105,39
72.reg,5208,40
72.reg,5209,41
72.reg,5210,42
72.reg,5211,43
72.reg,5047,44
72.reg,5048,45
72.reg,5049,46
72.reg,5050,47
72.reg,5051,48
72.reg,5052,49
72.reg,5053,50
72.reg,5054,51
72.reg,5055,52
72.reg,5056,53
72.reg,5057,54
72.reg,5058,55
72.reg,5317,56
72.reg,5318,57
72.reg,5319,58
72.reg,5320,59
72.reg,5321,60
72.reg,5322,61
72.reg,5323,62
72.reg,5324,63
72.reg,5325,64
72.reg,5326,65
72.reg,5327,66
72.reg,5328,67
72.reg,5329,68
72.reg,5330,69
72.reg,5065,70
72.reg,5066,71
72.reg,5331,72
72.reg,5332,73
72.reg,5333,74
72.reg,5334,75
72.reg,5335,76
72.reg,5336,77
72.reg,5337,78
72.reg,5338,79
72.reg,5339,80
72.reg,5225,81
72.reg,5226,82
72.reg,5227,83
72.reg,5228,84
72.reg,5229,85
73.ida,5340,1
73.ida,5341,2
73.ida,5342,3
73.ida,5343,4
73.ida,5344,5
73.ida,5345,6
73.ida,5346,7
73.ida,5347,8
73.ida,5348,9
73.ida,5080,10
73.ida,5081,11
73.ida,5349,12
73.ida,5090,13
73.ida,5091,14
73.ida,5092,15
73.ida,5093,16
73.ida,5094,17
73.ida,5095,18
73.ida,5096,19
73.ida,5097,20
73.ida,5098,21
73.ida,5099,22
73.ida,5100,23
73.ida,5101,24
73.ida,5102,25
73.ida,5103,26
73.ida,5104,27
73.ida,5105,28
73.ida,5106,29
73.ida,5107,30
73.ida,5108,31
73.ida,5109,32
73.ida,5110,33
73.ida,5111,34
73.ida,5112,35
73.ida,5113,36
73.ida,5114,37
73.ida,5115,38
73.ida,5116,39
73.ida,5117,40
73.ida,4592,41
73.ida,5119,42
73.ida,5120,43
73.ida,5350,44
73.ida,5351,45
73.ida,5352,46
73.ida,5353,47
73.ida,5354,48
73.ida,5355,49
73.ida,5356,50
73.ida,5357,51
73.ida,5358,52
73.ida,5359,53
73.ida,5259,54
73.ida,5260,55
73.ida,5261,56
73.ida,5262,57
73.ida,5263,58
73.ida,5264,59
73.ida,5360,60
73.ida,5361,61
73.ida,5362,62
73.ida,5363,63
73.ida,5364,64
73.ida,5365,65
73.ida,5366,66
73.ida,5367,67
73.ida,5368,68
73.ida,5369,69
73.ida,5370,70
73.ida,5371,71
73.ida,5372,72
73.ida,5373,73
73.ida,5374,74
73.ida,5375,75
73.ida,5376,76
73.ida,5377,77
73.ida,5378,78
73.ida,5379,79
73.ida,5380,80
73.ida,5381,81
73.ida,5382,82
73.ida,5383,83
73.ida,5384,84
73.ida,5385,85
73.reg,5386,1
73.reg,5387,2
73.reg,5388,3
73.reg,5389,4
73.reg,5390,5
73.reg,5391,6
73.reg,5392,7
73.reg,5393,8
73.reg,5394,9
73.reg,5395,10
73.reg,5396,11
73.reg,5397,12
73.reg,5398,13
73.reg,5399,14
73.reg,5400,15
73.reg,5401,16
73.reg,5402,17
73.reg,5403,18
73.reg,5404,19
73.reg,5405,20
73.reg,5406,21
73.reg,5407,22
73.reg,5408,23
73.reg,5409,24
73.reg,5410,25
73.reg,5411,26
73.reg,5412,27
73.reg,5413,28
73.reg,5414,29
73.reg,5415,30
73.reg,5416,31
73.reg,5417,32
73.reg,5028,33
73.reg,5029,34
73.reg,5030,35
73.reg,5031,36
73.reg,5032,37
73.reg,5033,38
73.reg,5034,39
73.reg,5418,40
73.reg,5419,41
73.reg,5420,42
73.reg,5421,43
73.reg,5422,44
73.reg,5423,45
73.reg,5424,46
73.reg,4542,47
73.reg,4543,48
73.reg,4544,49
73.reg,4545,50
73.reg,5208,51
73.reg,5209,52
73.reg,5210,53
73.reg,5211,54
73.reg,5047,55
73.reg,5048,56
73.reg,5049,57
73.reg,5050,58
73.reg,5051,59
73.reg,5052,60
73.reg,5053,61
73.reg,5054,62
73.reg,5055,63
73.reg,5056,64
73.reg,5057,65
73.reg,5058,66
73.reg,5059,67
73.reg,5060,68
73.reg,5061,69
73.reg,5062,70
73.reg,5063,71
73.reg,5064,72
73.reg,5065,73
73.reg,5066,74
73.reg,5067,75
73.reg,5068,76
73.reg,5069,77
73.reg,5070,78
73.reg,5071,79
73.reg,5072,80
73.reg,5073,81
73.reg,5425,82
73.reg,5079,83
73.reg,5426,84
73.reg,5427,85
73.reg,5428,86
73.reg,5429,87
73.reg,5430,88
73.reg,5431,89
73.reg,5432,90
73.reg,5433,91
73.reg,5434,92
74.ida,5010,1
74.ida,5435,2
74.ida,5436,3
74.ida,5437,4
74.ida,5438,5
74.ida,5439,6
74.ida,5440,7
74.ida,5441,8
74.ida,5401,9
74.ida,5402,10
74.ida,5403,11
74.ida,5404,12
74.ida,5405,13
74.ida,5406,14
74.ida,5407,15
74.ida,5408,16
74.ida,5409,17
74.ida,5442,18
74.ida,5443,19
74.ida,5417,20
74.ida,5418,21
74.ida,5028,22
74.ida,5029,23
74.ida,5030,24
74.ida,5031,25
74.ida,5032,26
74.ida,5033,27
74.ida,5034,28
74.ida,5419,29
74.ida,5420,30
74.ida,5421,31
74.ida,5422,32
74.ida,5423,33
74.ida,5424,34
74.ida,5425,35
74.ida,4542,36
74.ida,4543,37
74.ida,4544,38
74.ida,4545,39
74.ida,5043,40
74.ida,5044,41
74.ida,5045,42
74.ida,5046,43
74.ida,5047,44
74.ida,5048,45
74.ida,5049,46
74.ida,5050,47
74.ida,5051,48
74.ida,5052,49
74.ida,5444,50
74.ida,5445,51
74.ida,5446,52
74.ida,5447,53
74.ida,5448,54
74.ida,5449,55
74.ida,5450,56
74.ida,5451,57
74.ida,5452,58
74.ida,5453,59
74.ida,5454,60
74.ida,5455,61
74.ida,5456,62
74.ida,5457,63
74.ida,5458,64
74.ida,5459,65
74.ida,5460,66
74.ida,5461,67
74.ida,5462,68
74.ida,5463,69
74.ida,5464,70
74.ida,5465,71
74.ida,5466,72
74.ida,5467,73
74.ida,5468,74
74.reg,5469,1
74.reg,5470,2
74.reg,5471,3
74.reg,5472,4
74.reg,5473,5
74.reg,5474,6
74.reg,5475,7
74.reg,5476,8
74.reg,5477,9
74.reg,5478,10
74.reg,5479,11
74.reg,5480,12
74.reg,5481,13
74.reg,5482,14
74.reg,5483,15
74.reg,5484,16
74.reg,5485,17
74.reg,5486,18
74.reg,5487,19
74.reg,5488,20
74.reg,5489,21
74.reg,5490,22
74.reg,5491,23
74.reg,5492,24
74.reg,5109,25
74.reg,5110,26
74.reg,5111,27
74.reg,5112,28
74.reg,5113,29
74.reg,5114,30
74.reg,5115,31
74.reg,5116,32
74.reg,5117,33
74.reg,4592,34
74.reg,5119,35
74.reg,5120,36
74.reg,5350,37
74.reg,5351,38
74.reg,5352,39
74.reg,5353,40
74.reg,5354,41
74.reg,5355,42
74.reg,5356,43
74.reg,5357,44
74.reg,5358,45
74.reg,5359,46
74.reg,5259,47
74.reg,5260,48
74.reg,5261,49
74.reg,5262,50
74.reg,5263,51
74.reg,5264,52
74.reg,5360,53
74.reg,5361,54
74.reg,5362,55
74.reg,5363,56
74.reg,5364,57
74.reg,5365,58
74.reg,5366,59
74.reg,5367,60
74.reg,5368,61
74.reg,5369,62
74.reg,5370,63
74.reg,5371,64
74.reg,5493,65
74.reg,5494,66
74.reg,5495,67
74.reg,5496,68
74.reg,5497,69
74.reg,5498,70
74.reg,5499,71
75.ida,4620,1
75.ida,4621,2
75.ida,4622,3
75.ida,4623,4
75.ida,4624,5
75.ida,4025,6
75.ida,4026,7
75.ida,4027,8
75.ida,4272,9
75.ida,4029,10
75.ida,4030,11
75.ida,4031,12
75.ida,4032,13
75.ida,4033,14
75.ida,5043,15
75.ida,5044,16
75.ida,5045,17
75.ida,5046,18
75.ida,5047,19
75.ida,5048,20
75.ida,5049,21
75.ida,5050,22
75.ida,5051,23
75.ida,5052,24
75.ida,5053,25
75.ida,5054,26
75.ida,5055,27
75.ida,5056,28
75.ida,5500,29
75.ida,5501,30
75.ida,5502,31
75.ida,5503,32
75.ida,5504,33
75.ida,5505,34
75.ida,5506,35
75.ida,5507,36
75.ida,5327,37
75.ida,5328,38
75.ida,5329,39
75.ida,5330,40
75.ida,5065,41
75.ida,5066,42
75.ida,5067,43
75.ida,5068,44
75.ida,5069,45
75.ida,5508,46
75.ida,5509,47
75.ida,5510,48
75.ida,5154,49
75.ida,5225,50
75.ida,5226,51
75.ida,5227,52
75.ida,5511,53
75.ida,5512,54
75.ida,5513,55
75.ida,5514,56
75.ida,5515,57
75.ida,5516,58
75.ida,5517,59
75.ida,5518,60
75.reg,5519,1
75.reg,5520,2
75.reg,5521,3
75.reg,5522,4
75.reg,5523,5
75.reg,5524,6
75.reg,5525,7
75.reg,5526,8
75.reg,5149,9
75.reg,5150,10
75.reg,5151,11
75.reg,5152,12
75.reg,5527,13
75.reg,5528,14
75.reg,5070,15
75.reg,5092,16
75.reg,5093,17
75.reg,5094,18
75.reg,5095,19
75.reg,5239,20
75.reg,5240,21
75.reg,5241,22
75.reg,5242,23
75.reg,5529,24
75.reg,5530,25
75.reg,5531,26
75.reg,5532,27
75.reg,5533,28
75.reg,5534,29
75.reg,5104,30
75.reg,5105,31
75.reg,5106,32
75.reg,5107,33
75.reg,5108,34
75.reg,5109,35
75.reg,5110,36
75.reg,5111,37
75.reg,5112,38
75.reg,5166,39
75.reg,4333,40
75.reg,4334,41
75.reg,4215,42
75.reg,4336,43
75.reg,4218,44
75.reg,4219,45
75.reg,4337,46
75.reg,4110,47
75.reg,4111,48
75.reg,4112,49
75.reg,4113,50
75.reg,4114,51
75.reg,4115,52
75.reg,4116,53
75.reg,4117,54
75.reg,4697,55
75.reg,4698,56
75.reg,4699,57
75.reg,4700,58
75.reg,4701,59
b70.ida,5535,1
b70.ida,5679,2
b70.ida,5536,3
b70.ida,5537,4
b70.ida,5538,5
b70.ida,5539,6
b70.ida,5540,7
b70.ida,5541,8
b70.ida,5542,9
b70.ida,5018,10
b70.ida,5019,11
b70.ida,5020,12
b70.ida,5021,13
b70.ida,5022,14
b70.ida,5023,15
b70.ida,5024,16
b70.ida,5025,17
b70.ida,5026,18
b70.ida,5201,19
b70.ida,5202,20
b70.ida,5203,21
b70.ida,5204,22
b70.ida,5205,23
b70.ida,5309,24
b70.ida,5310,25
b70.ida,5311,26
b70.ida,5312,27
b70.ida,5313,28
b70.ida,5543,29
b70.ida,5544,30
b70.ida,5545,31
b70.ida,5546,32
b70.ida,5547,33
b70.ida,5548,34
b70.ida,5549,35
b70.ida,5550,36
b70.ida,5551,37
b70.ida,5552,38
b70.ida,5553,39
b70.ida,5554,40
b70.ida,5555,41
b70.ida,5556,42
b70.ida,5557,43
b70.ida,5558,44
b70.ida,5559,45
b70.ida,5560,46
b70.ida,5561,47
b70.ida,5562,48
b70.ida,5563,49
b70.ida,5564,50
b70.ida,5565,51
b70.ida,5566,52
b70.ida,5567,53
b70.ida,5568,54
b70.ida,5569,55
b70.ida,5570,56
b70.ida,5571,57
b70.ida,5572,58
b70.ida,5573,59
b70.ida,5574,60
b70.ida,5575,61
b70.ida,5576,62
b70.ida,5577,63
b70.ida,5677,64
b70.ida,5678,65
b70.ida,5578,66
b70.ida,5579,67
b70.ida,5580,68
b70.ida,5581,69
b70.ida,5582,70
b70.ida,5583,71
b70.ida,5584,72
b70.ida,5585,73
b70.ida,5586,74
b70.reg,5587,1
b70.reg,5588,2
b70.reg,5589,3
b70.reg,5590,4
b70.reg,5591,5
b70.reg,5592,6
b70.reg,5593,7
b70.reg,5594,8
b70.reg,5595,9
b70.reg,5596,10
b70.reg,5597,11
b70.reg,5598,12
b70.reg,5599,13
b70.reg,5600,14
b70.reg,5601,15
b70.reg,5602,16
b70.reg,5603,17
b70.reg,5604,18
b70.reg,5605,19
b70.reg,5606,20
b70.reg,5607,21
b70.reg,5608,22
b70.reg,5609,23
b70.reg,5610,24
b70.reg,5611,25
b70.reg,5612,26
b70.reg,5613,27
b70.reg,5614,28
b70.reg,5615,29
b70.reg,5616,30
b70.reg,5617,31
b70.reg,5618,32
b70.reg,5619,33
b70.reg,5620,34
b70.reg,5621,35
b70.reg,5622,36
b70.reg,5623,37
b70.reg,5624,38
b70.reg,5625,39
b70.reg,5626,40
b70.reg,5627,41
b70.reg,5628,42
b70.reg,5629,43
b70.reg,5630,44
b70.reg,5631,45
b70.reg,5632,46
b70.reg,5633,47
b70.reg,5634,48
b70.reg,5635,49
b70.reg,5636,50
b70.reg,5637,51
b70.reg,5638,52
b70.reg,5639,53
b70.reg,5254,54
b70.reg,5255,55
b70.reg,5256,56
b70.reg,5257,57
b70.reg,5258,58
b70.reg,5640,59
b70.reg,5641,60
b70.reg,5642,61
b70.reg,5643,62
b70.reg,5644,63
b70.reg,5133,64
b70.reg,5134,65
b70.reg,5135,66
b70.reg,5136,67
b70.reg,5137,68
b70.reg,5138,69
b70.reg,5645,70
b70.reg,5646,71
b70.reg,5647,72
b70.reg,5648,73
b70.reg,5649,74
b70.reg,5650,75
b70.reg,5651,76
b70.reg,5652,77
b70.reg,5653,78
