shape_pt_lat,shape_id,shape_pt_lon,shape_pt_sequence
-31.3646646,TA.ida,-64.1869057,1
-31.364664,TA.ida,-64.1867968,2
-31.3646571,TA.ida,-64.185413,3
-31.3646556,TA.ida,-64.1851311,4
-31.3646493,TA.ida,-64.1838769,5
-31.3651954,TA.ida,-64.1838766,6
-31.3657628,TA.ida,-64.1838763,7
-31.3660076,TA.ida,-64.1838738,8
-31.3661683,TA.ida,-64.1838732,9
-31.3662995,TA.ida,-64.183876,10
-31.3664682,TA.ida,-64.1838759,11
-31.3668515,TA.ida,-64.1838757,12
-31.3674113,TA.ida,-64.1838753,13
-31.368063,TA.ida,-64.183875,14
-31.3684221,TA.ida,-64.1838754,15
-31.3685488,TA.ida,-64.1838758,16
-31.3686457,TA.ida,-64.1838746,17
-31.3691977,TA.ida,-64.1838743,18
-31.3697574,TA.ida,-64.183874,19
-31.3699422,TA.ida,-64.1838739,20
-31.3703172,TA.ida,-64.1838737,21
-31.3710532,TA.ida,-64.1838733,22
-31.3713753,TA.ida,-64.1838731,23
-31.3716951,TA.ida,-64.183875,24
-31.3717817,TA.ida,-64.1838729,25
-31.3721714,TA.ida,-64.1838754,26
-31.3724436,TA.ida,-64.1838725,27
-31.3730928,TA.ida,-64.1838721,28
-31.3737292,TA.ida,-64.1838717,29
-31.3741105,TA.ida,-64.1838713,30
-31.3743895,TA.ida,-64.1838714,31
-31.3746664,TA.ida,-64.1838731,32
-31.3748297,TA.ida,-64.1838717,33
-31.3750326,TA.ida,-64.183871,34
-31.3754236,TA.ida,-64.1838708,35
-31.3758738,TA.ida,-64.1838705,36
-31.3769846,TA.ida,-64.1838699,37
-31.3776295,TA.ida,-64.1838561,38
-31.3779318,TA.ida,-64.1838534,39
-31.3781577,TA.ida,-64.1838499,40
-31.3787262,TA.ida,-64.1838402,41
-31.3787329,TA.ida,-64.1852169,42
-31.3791775,TA.ida,-64.1852208,43
-31.3793153,TA.ida,-64.1852151,44
-31.3797551,TA.ida,-64.1852095,45
-31.3805144,TA.ida,-64.1852114,46
-31.3814341,TA.ida,-64.1852093,47
-31.3816796,TA.ida,-64.1852079,48
-31.3825573,TA.ida,-64.1852132,49
-31.38285,TA.ida,-64.1852043,50
-31.3840169,TA.ida,-64.1852007,51
-31.3845998,TA.ida,-64.1851909,52
-31.3849773,TA.ida,-64.1852007,53
-31.3852039,TA.ida,-64.185197,54
-31.3863637,TA.ida,-64.1851935,55
-31.3875592,TA.ida,-64.1851898,56
-31.3879135,TA.ida,-64.1851937,57
-31.3882685,TA.ida,-64.1851972,58
-31.3885475,TA.ida,-64.185203,59
-31.3886936,TA.ida,-64.1851958,60
-31.3898745,TA.ida,-64.1851708,61
-31.3901955,TA.ida,-64.185164,62
-31.390287,TA.ida,-64.1849851,63
-31.3908852,TA.ida,-64.1852365,64
-31.3916009,TA.ida,-64.1855535,65
-31.3918102,TA.ida,-64.1856344,66
-31.391996,TA.ida,-64.1857035,67
-31.3931074,TA.ida,-64.1861708,68
-31.3941191,TA.ida,-64.1865868,69
-31.3946027,TA.ida,-64.1867654,70
-31.3952873,TA.ida,-64.18707,71
-31.3963899,TA.ida,-64.1875045,72
-31.3975257,TA.ida,-64.1879856,73
-31.3986424,TA.ida,-64.1884586,74
-31.3989053,TA.ida,-64.1876221,75
-31.3990437,TA.ida,-64.1871597,76
-31.3994372,TA.ida,-64.1858857,77
-31.3996269,TA.ida,-64.1852716,78
-31.3998208,TA.ida,-64.1846441,79
-31.4001098,TA.ida,-64.1836625,80
-31.4002236,TA.ida,-64.1833403,81
-31.4006287,TA.ida,-64.1820291,82
-31.4007459,TA.ida,-64.182076,83
-31.4010902,TA.ida,-64.182282,84
-31.40131,TA.ida,-64.1827712,85
-31.4015371,TA.ida,-64.1831145,86
-31.4018155,TA.ida,-64.1832776,87
-31.4020719,TA.ida,-64.1833034,88
-31.402223,TA.ida,-64.1832484,89
-31.4023909,TA.ida,-64.1831476,90
-31.402529,TA.ida,-64.1830461,91
-31.4025971,TA.ida,-64.1829832,92
-31.4026646,TA.ida,-64.1829174,93
-31.4027678,TA.ida,-64.1828141,94
-31.4028762,TA.ida,-64.1827617,95
-31.4029621,TA.ida,-64.1827188,96
-31.4031048,TA.ida,-64.1826511,97
-31.4035297,TA.ida,-64.1825566,98
-31.4037436,TA.ida,-64.1825502,99
-31.4039693,TA.ida,-64.1825738,100
-31.4041754,TA.ida,-64.182576,101
-31.4042464,TA.ida,-64.1825767,102
-31.4043433,TA.ida,-64.1825994,103
-31.40455,TA.ida,-64.182648,104
-31.4052763,TA.ida,-64.1828197,105
-31.4054937,TA.ida,-64.1828653,106
-31.4057645,TA.ida,-64.1829445,107
-31.4067298,TA.ida,-64.1831603,108
-31.4069252,TA.ida,-64.1832409,109
-31.4070782,TA.ida,-64.1833039,110
-31.4071508,TA.ida,-64.1833339,111
-31.4075422,TA.ida,-64.1834952,112
-31.407601,TA.ida,-64.1835195,113
-31.4076923,TA.ida,-64.1835571,114
-31.4078753,TA.ida,-64.1836326,115
-31.4081021,TA.ida,-64.1837261,116
-31.4082207,TA.ida,-64.183775,117
-31.4093608,TA.ida,-64.1842564,118
-31.4099663,TA.ida,-64.1845122,119
-31.4102619,TA.ida,-64.184637,120
-31.4106567,TA.ida,-64.1848038,121
-31.4109175,TA.ida,-64.1849139,122
-31.4113564,TA.ida,-64.1850992,123
-31.4118157,TA.ida,-64.1852932,124
-31.4119318,TA.ida,-64.1853415,125
-31.4120218,TA.ida,-64.1853789,126
-31.4122174,TA.ida,-64.1854602,127
-31.4122747,TA.ida,-64.1854841,128
-31.4123298,TA.ida,-64.185507,129
-31.4126882,TA.ida,-64.185656,130
-31.4128832,TA.ida,-64.1857371,131
-31.4131237,TA.ida,-64.1858356,132
-31.4133451,TA.ida,-64.1859263,133
-31.4140969,TA.ida,-64.1862342,134
-31.4142861,TA.ida,-64.1863116,135
-31.4145053,TA.ida,-64.1864014,136
-31.4146059,TA.ida,-64.1864426,137
-31.414873,TA.ida,-64.186552,138
-31.4151993,TA.ida,-64.1866856,139
-31.4154397,TA.ida,-64.1867857,140
-31.4156428,TA.ida,-64.1868727,141
-31.416278,TA.ida,-64.1871411,142
-31.4164778,TA.ida,-64.1872254,143
-31.4166431,TA.ida,-64.1872951,144
-31.4166667,TA.ida,-64.1873051,145
-31.4168135,TA.ida,-64.187367,146
-31.4170386,TA.ida,-64.187462,147
-31.4171023,TA.ida,-64.1874888,148
-31.4172506,TA.ida,-64.1875514,149
-31.4173184,TA.ida,-64.18758,150
-31.4174592,TA.ida,-64.1876394,151
-31.4175888,TA.ida,-64.1876942,152
-31.4176571,TA.ida,-64.1877232,153
-31.4177286,TA.ida,-64.1877534,154
-31.417858,TA.ida,-64.1878082,155
-31.4186705,TA.ida,-64.1881521,156
-31.4193149,TA.ida,-64.1884248,157
-31.4195454,TA.ida,-64.1885224,158
-31.4197122,TA.ida,-64.188593,159
-31.4198223,TA.ida,-64.1886395,160
-31.4200849,TA.ida,-64.1887507,161
-31.4201482,TA.ida,-64.1887834,162
-31.4206126,TA.ida,-64.1889701,163
-31.4206585,TA.ida,-64.1889895,164
-31.4211462,TA.ida,-64.1891953,165
-31.4221572,TA.ida,-64.1896279,166
-31.4223583,TA.ida,-64.1897068,167
-31.4229035,TA.ida,-64.1899411,168
-31.4234872,TA.ida,-64.1901832,169
-31.4246608,TA.ida,-64.1906785,170
-31.42553,TA.ida,-64.1910368,171
-31.4258158,TA.ida,-64.191166,172
-31.4264391,TA.ida,-64.191429,173
-31.426528,TA.ida,-64.1914666,174
-31.4277145,TA.ida,-64.1919673,175
-31.4287651,TA.ida,-64.1924142,176
-31.4289243,TA.ida,-64.1924779,177
-31.4292429,TA.ida,-64.1926124,178
-31.430111,TA.ida,-64.1929795,179
-31.4303792,TA.ida,-64.193092,180
-31.4310472,TA.ida,-64.1933739,181
-31.4311951,TA.ida,-64.1934355,182
-31.4315119,TA.ida,-64.19357,183
-31.4319846,TA.ida,-64.1937534,184
-31.4324883,TA.ida,-64.193982,185
-31.4324883,TA.reg,-64.193982,1
-31.4324657,TA.reg,-64.194182,2
-31.4325078,TA.reg,-64.1944098,3
-31.4325617,TA.reg,-64.194525,4
-31.4325138,TA.reg,-64.194631,5
-31.4324388,TA.reg,-64.1948304,6
-31.432218,TA.reg,-64.1954632,7
-31.431909,TA.reg,-64.1953248,8
-31.4310741,TA.reg,-64.1949611,9
-31.4299342,TA.reg,-64.1945086,10
-31.4293467,TA.reg,-64.1942707,11
-31.4287948,TA.reg,-64.1940473,12
-31.4283991,TA.reg,-64.193893,13
-31.4276281,TA.reg,-64.193575,14
-31.4264981,TA.reg,-64.1931115,15
-31.426075,TA.reg,-64.1929402,16
-31.4253548,TA.reg,-64.1926425,17
-31.4251055,TA.reg,-64.1925393,18
-31.4247406,TA.reg,-64.1923868,19
-31.4241951,TA.reg,-64.1921593,20
-31.4236281,TA.reg,-64.1919378,21
-31.4235672,TA.reg,-64.1919138,22
-31.4230667,TA.reg,-64.1916918,23
-31.4229093,TA.reg,-64.1916266,24
-31.4224185,TA.reg,-64.1914292,25
-31.4222501,TA.reg,-64.1913262,26
-31.4221182,TA.reg,-64.1911889,27
-31.4219349,TA.reg,-64.1910161,28
-31.421516,TA.reg,-64.1906134,29
-31.4214339,TA.reg,-64.1905334,30
-31.4209275,TA.reg,-64.1900372,31
-31.4207191,TA.reg,-64.190016,32
-31.4205835,TA.reg,-64.1899995,33
-31.4204923,TA.reg,-64.1899797,34
-31.4203953,TA.reg,-64.1899687,35
-31.4202697,TA.reg,-64.18998,36
-31.4198209575,TA.reg,-64.1900446874,37
-31.4197559,TA.reg,-64.1900278,38
-31.4192612,TA.reg,-64.1898941,39
-31.4186949,TA.reg,-64.1898296,40
-31.4182654,TA.reg,-64.1895948,41
-31.418024,TA.reg,-64.1894924,42
-31.4170149,TA.reg,-64.1890405,43
-31.4167689,TA.reg,-64.1889419,44
-31.4166158,TA.reg,-64.1888796,45
-31.4165373,TA.reg,-64.1888476,46
-31.4164143,TA.reg,-64.1887975,47
-31.4161173,TA.reg,-64.1886765,48
-31.4158576,TA.reg,-64.1885685,49
-31.4147719374,TA.reg,-64.1880858243,50
-31.4144146011,TA.reg,-64.1879351655,51
-31.4142609777,TA.reg,-64.1878703955,52
-31.4138984002,TA.reg,-64.1877175278,53
-31.41383012,TA.reg,-64.18768874,54
-31.4136640672,TA.reg,-64.18761873,55
-31.4130983017,TA.reg,-64.1873801972,56
-31.4129398573,TA.reg,-64.1873133956,57
-31.4124852374,TA.reg,-64.1871217243,58
-31.4113967,TA.reg,-64.1866715,59
-31.4107964,TA.reg,-64.186415,60
-31.410234,TA.reg,-64.1861741,61
-31.4089565,TA.reg,-64.1856286,62
-31.40814,TA.reg,-64.1852784,63
-31.40782,TA.reg,-64.1851414,64
-31.4074003,TA.reg,-64.1865473,65
-31.4072699791,TA.reg,-64.1869590194,66
-31.4072098,TA.reg,-64.1872082,67
-31.4071638,TA.reg,-64.1873463,68
-31.4071641,TA.reg,-64.1875707,69
-31.4071348,TA.reg,-64.1878711,70
-31.4070439,TA.reg,-64.188084,71
-31.4068311,TA.reg,-64.1880046,72
-31.4066954,TA.reg,-64.1879721,73
-31.406419,TA.reg,-64.1878936,74
-31.4060176,TA.reg,-64.1877854,75
-31.4055443,TA.reg,-64.1877067,76
-31.4053709,TA.reg,-64.187691,77
-31.4049208,TA.reg,-64.1876489,78
-31.404388,TA.reg,-64.1875709,79
-31.4037614,TA.reg,-64.1874839,80
-31.4027403,TA.reg,-64.1871774,81
-31.4016118,TA.reg,-64.1868273,82
-31.401046,TA.reg,-64.1865933,83
-31.400935,TA.reg,-64.1865548,84
-31.4005104,TA.reg,-64.1863438,85
-31.3994372,TA.reg,-64.1858857,86
-31.3983209,TA.reg,-64.1854254,87
-31.3980982,TA.reg,-64.1861826,88
-31.3979218,TA.reg,-64.1867102,89
-31.3975257,TA.reg,-64.1879856,90
-31.3963899,TA.reg,-64.1875045,91
-31.3952873,TA.reg,-64.18707,92
-31.3946027,TA.reg,-64.1867654,93
-31.3941191,TA.reg,-64.1865868,94
-31.3931074,TA.reg,-64.1861708,95
-31.391996,TA.reg,-64.1857035,96
-31.3918102,TA.reg,-64.1856344,97
-31.3916009,TA.reg,-64.1855535,98
-31.3908852,TA.reg,-64.1852365,99
-31.390287,TA.reg,-64.1849851,100
-31.3901955,TA.reg,-64.185164,101
-31.3898745,TA.reg,-64.1851708,102
-31.3886936,TA.reg,-64.1851958,103
-31.3885475,TA.reg,-64.185203,104
-31.3882685,TA.reg,-64.1851972,105
-31.3879135,TA.reg,-64.1851937,106
-31.3875592,TA.reg,-64.1851898,107
-31.3863637,TA.reg,-64.1851935,108
-31.3852039,TA.reg,-64.185197,109
-31.3849773,TA.reg,-64.1852007,110
-31.3845998,TA.reg,-64.1851909,111
-31.3840169,TA.reg,-64.1852007,112
-31.38285,TA.reg,-64.1852043,113
-31.3825573,TA.reg,-64.1852132,114
-31.3816796,TA.reg,-64.1852079,115
-31.3814341,TA.reg,-64.1852093,116
-31.3805144,TA.reg,-64.1852114,117
-31.3797551,TA.reg,-64.1852095,118
-31.3793153,TA.reg,-64.1852151,119
-31.3791775,TA.reg,-64.1852208,120
-31.3787329,TA.reg,-64.1852169,121
-31.3787262,TA.reg,-64.1838402,122
-31.3781577,TA.reg,-64.1838499,123
-31.3779318,TA.reg,-64.1838534,124
-31.3776295,TA.reg,-64.1838561,125
-31.3769846,TA.reg,-64.1838699,126
-31.3758738,TA.reg,-64.1838705,127
-31.3754236,TA.reg,-64.1838708,128
-31.3750326,TA.reg,-64.183871,129
-31.3748297,TA.reg,-64.1838717,130
-31.3746664,TA.reg,-64.1838731,131
-31.3743895,TA.reg,-64.1838714,132
-31.3741105,TA.reg,-64.1838713,133
-31.3737292,TA.reg,-64.1838717,134
-31.3730928,TA.reg,-64.1838721,135
-31.3724436,TA.reg,-64.1838725,136
-31.3721714,TA.reg,-64.1838754,137
-31.3717817,TA.reg,-64.1838729,138
-31.3716951,TA.reg,-64.183875,139
-31.3713753,TA.reg,-64.1838731,140
-31.3710532,TA.reg,-64.1838733,141
-31.3703172,TA.reg,-64.1838737,142
-31.3699422,TA.reg,-64.1838739,143
-31.3697574,TA.reg,-64.183874,144
-31.3691977,TA.reg,-64.1838743,145
-31.3686457,TA.reg,-64.1838746,146
-31.3685488,TA.reg,-64.1838758,147
-31.3684221,TA.reg,-64.1838754,148
-31.368063,TA.reg,-64.183875,149
-31.3674113,TA.reg,-64.1838753,150
-31.3668515,TA.reg,-64.1838757,151
-31.3664682,TA.reg,-64.1838759,152
-31.3662995,TA.reg,-64.183876,153
-31.3661683,TA.reg,-64.1838732,154
-31.3660076,TA.reg,-64.1838738,155
-31.3657628,TA.reg,-64.1838763,156
-31.3651954,TA.reg,-64.1838766,157
-31.3646493,TA.reg,-64.1838769,158
-31.3640606,TA.reg,-64.1838773,159
-31.3640729,TA.reg,-64.1841343,160
-31.3640801,TA.reg,-64.1854147,161
-31.3641034,TA.reg,-64.1867042,162
-31.3640989,TA.reg,-64.1869065,163
-31.3646646,TA.reg,-64.1869057,164
-31.4009247,TB.ida,-64.2252329,1
-31.4009649,TB.ida,-64.2251089,2
-31.4011865,TB.ida,-64.2244199,3
-31.4013202,TB.ida,-64.2239914,4
-31.4016865,TB.ida,-64.2228391,5
-31.4020382,TB.ida,-64.2217326,6
-31.4021536,TB.ida,-64.2213575,7
-31.4023967,TB.ida,-64.2206049,8
-31.4027623,TB.ida,-64.2194547,9
-31.4031205,TB.ida,-64.2183279,10
-31.4032347,TB.ida,-64.2179676,11
-31.403484,TB.ida,-64.2171845,12
-31.4038407,TB.ida,-64.2160642,13
-31.4041975,TB.ida,-64.214932,14
-31.404442,TB.ida,-64.214145,15
-31.4045599,TB.ida,-64.213782,16
-31.4049152,TB.ida,-64.2126545,17
-31.4052746,TB.ida,-64.2115142,18
-31.405523,TB.ida,-64.2107156,19
-31.4056321,TB.ida,-64.2103796,20
-31.4057474,TB.ida,-64.2100222,21
-31.4059917,TB.ida,-64.2092387,22
-31.406198,TB.ida,-64.2085617,23
-31.4063541,TB.ida,-64.2081033,24
-31.4063862,TB.ida,-64.207987,25
-31.4066328,TB.ida,-64.2071044,26
-31.4067605,TB.ida,-64.2066468,27
-31.4069165,TB.ida,-64.2060977,28
-31.4069927,TB.ida,-64.2058295,29
-31.4071382,TB.ida,-64.2053155,30
-31.4073414,TB.ida,-64.204602,31
-31.4073647,TB.ida,-64.2045144,32
-31.4076854,TB.ida,-64.2033911,33
-31.4080553,TB.ida,-64.202089,34
-31.4082276,TB.ida,-64.2014796,35
-31.4082742,TB.ida,-64.201311,36
-31.4084439,TB.ida,-64.200721,37
-31.4088526,TB.ida,-64.1993631,38
-31.4092515,TB.ida,-64.1980421,39
-31.4094831,TB.ida,-64.1972614,40
-31.409671,TB.ida,-64.1966537,41
-31.4100309,TB.ida,-64.1954078,42
-31.4100276,TB.ida,-64.1952536,43
-31.410263,TB.ida,-64.1944428,44
-31.4104208,TB.ida,-64.1938998,45
-31.410484,TB.ida,-64.1936888,46
-31.4105,TB.ida,-64.19364,47
-31.4106179,TB.ida,-64.1932469,48
-31.4107038,TB.ida,-64.1929569,49
-31.4108014,TB.ida,-64.1926098,50
-31.4111958,TB.ida,-64.1912827,51
-31.4112588317,TB.ida,-64.1910555046,52
-31.411400828,TB.ida,-64.1906274405,53
-31.4114278613,TB.ida,-64.1905459457,54
-31.4114458613,TB.ida,-64.1904916824,55
-31.4114766075,TB.ida,-64.1903989945,56
-31.4115144785,TB.ida,-64.1902848278,57
-31.4116761317,TB.ida,-64.1897975046,58
-31.4117355,TB.ida,-64.1896042,59
-31.4117494,TB.ida,-64.1895582,60
-31.4118151,TB.ida,-64.1893407,61
-31.4118704,TB.ida,-64.1891575,62
-31.4120842,TB.ida,-64.1884497,63
-31.4124852374,TB.ida,-64.1871217243,64
-31.4125837,TB.ida,-64.186779,65
-31.4126261,TB.ida,-64.1866316,66
-31.4126783,TB.ida,-64.1864501,67
-31.4127784,TB.ida,-64.1861016,68
-31.4128832,TB.ida,-64.1857371,69
-31.4129924,TB.ida,-64.1853768,70
-31.4130206,TB.ida,-64.1852837,71
-31.4130515,TB.ida,-64.1851819,72
-31.4130758,TB.ida,-64.1851017,73
-31.4131093,TB.ida,-64.1849912,74
-31.4131409,TB.ida,-64.1848868,75
-31.4133051,TB.ida,-64.1843452,76
-31.4134526,TB.ida,-64.1838584,77
-31.4137003,TB.ida,-64.1830411,78
-31.4140482,TB.ida,-64.1818917,79
-31.4141089,TB.ida,-64.1816911,80
-31.414175,TB.ida,-64.1814726,81
-31.4142055,TB.ida,-64.1813718,82
-31.4142792,TB.ida,-64.1811283,83
-31.4143073,TB.ida,-64.1810355,84
-31.41434,TB.ida,-64.1809273,85
-31.4143624,TB.ida,-64.1808534,86
-31.4145103,TB.ida,-64.1803649,87
-31.4146063,TB.ida,-64.1800475,88
-31.4146469,TB.ida,-64.1799135,89
-31.4147135,TB.ida,-64.1796933,90
-31.4149074,TB.ida,-64.1790527,91
-31.4152869,TB.ida,-64.1777752,92
-31.4154182,TB.ida,-64.1773291,93
-31.4154918,TB.ida,-64.1770936,94
-31.415522,TB.ida,-64.1769909,95
-31.4155451,TB.ida,-64.1769273,96
-31.4156672,TB.ida,-64.1765017,97
-31.4158065,TB.ida,-64.1760392,98
-31.4159742,TB.ida,-64.1754457,99
-31.4160401,TB.ida,-64.1752225,100
-31.4160694,TB.ida,-64.1750165,101
-31.4160678,TB.ida,-64.1749663,102
-31.4160694,TB.ida,-64.1748191,103
-31.4160492,TB.ida,-64.1745802,104
-31.4157911,TB.ida,-64.173566,105
-31.4157586,TB.ida,-64.1734467,106
-31.4156866,TB.ida,-64.173183,107
-31.4155171,TB.ida,-64.1725576,108
-31.4154994,TB.ida,-64.1724933,109
-31.4154262,TB.ida,-64.1722284,110
-31.4153628,TB.ida,-64.1719956,111
-31.4152553,TB.ida,-64.1716092,112
-31.4151723,TB.ida,-64.1712976,113
-31.4150317,TB.ida,-64.1707816,114
-31.4147988,TB.ida,-64.1698938,115
-31.4147074,TB.ida,-64.1695923,116
-31.4145301,TB.ida,-64.1689112,117
-31.4145016,TB.ida,-64.1688153,118
-31.4143794,TB.ida,-64.1683899,119
-31.4141974,TB.ida,-64.1677163,120
-31.4140427,TB.ida,-64.1671746,121
-31.413953,TB.ida,-64.16685,122
-31.4139211,TB.ida,-64.1667404,123
-31.4137174,TB.ida,-64.1659646,124
-31.4135486,TB.ida,-64.1653568,125
-31.4133987,TB.ida,-64.1647938,126
-31.4131319,TB.ida,-64.1638103,127
-31.4130619,TB.ida,-64.1635587,128
-31.4127984,TB.ida,-64.1625856,129
-31.4127322,TB.ida,-64.1623497,130
-31.4125427,TB.ida,-64.1616576,131
-31.4124684,TB.ida,-64.1613731,132
-31.4124029,TB.ida,-64.1611424,133
-31.4121464,TB.ida,-64.1602021,134
-31.4120814,TB.ida,-64.1599634,135
-31.4118698,TB.ida,-64.1591868,136
-31.4118558,TB.ida,-64.1591363,137
-31.4118116,TB.ida,-64.1589777,138
-31.4117463,TB.ida,-64.1587349,139
-31.4115322,TB.ida,-64.1579498,140
-31.4114304,TB.ida,-64.1575557,141
-31.4112987,TB.ida,-64.1570937,142
-31.4105095,TB.ida,-64.1573868,143
-31.4104796,TB.ida,-64.1573979,144
-31.4104555,TB.ida,-64.1574068,145
-31.4104199,TB.ida,-64.1574201,146
-31.410243,TB.ida,-64.1574862,147
-31.4091968,TB.ida,-64.1578812,148
-31.4088848,TB.ida,-64.158003,149
-31.4088017,TB.ida,-64.1580301,150
-31.4087007,TB.ida,-64.1580604,151
-31.4081881,TB.ida,-64.1582591,152
-31.4077016815,TB.ida,-64.1584349963,153
-31.4072569,TB.ida,-64.1586007,154
-31.407136,TB.ida,-64.1586418,155
-31.4065429,TB.ida,-64.1588588,156
-31.4064216,TB.ida,-64.1589018,157
-31.4063953,TB.ida,-64.1589068,158
-31.4063381,TB.ida,-64.1589314,159
-31.4059853,TB.ida,-64.1590629,160
-31.4058081,TB.ida,-64.1591312,161
-31.4056096,TB.ida,-64.1592075,162
-31.4054,TB.ida,-64.1592746,163
-31.4050722,TB.ida,-64.1593971,164
-31.4045739,TB.ida,-64.1595833,165
-31.4040401,TB.ida,-64.1597748,166
-31.4037249,TB.ida,-64.159891,167
-31.4036229,TB.ida,-64.1599204,168
-31.4033478,TB.ida,-64.1600316,169
-31.4031996,TB.ida,-64.1600888,170
-31.402724,TB.ida,-64.1602565,171
-31.4022314,TB.ida,-64.1604446,172
-31.4019876,TB.ida,-64.1605344,173
-31.401593,TB.ida,-64.1606704,174
-31.4011453,TB.ida,-64.160842,175
-31.4008186,TB.ida,-64.1609654,176
-31.4005926,TB.ida,-64.1610365,177
-31.4000382,TB.ida,-64.1612339,178
-31.3999064,TB.ida,-64.1612884,179
-31.3996484,TB.ida,-64.161382,180
-31.3995327,TB.ida,-64.1614192,181
-31.3994114,TB.ida,-64.1614691,182
-31.399221,TB.ida,-64.161537,183
-31.3988481,TB.ida,-64.1616749,184
-31.3987397,TB.ida,-64.1616456,185
-31.398611,TB.ida,-64.161235,186
-31.3981115,TB.ida,-64.161451,187
-31.3981115,TB.reg,-64.161451,1
-31.3987397,TB.reg,-64.1616456,2
-31.3988481,TB.reg,-64.1616749,3
-31.399221,TB.reg,-64.161537,4
-31.3994114,TB.reg,-64.1614691,5
-31.3995327,TB.reg,-64.1614192,6
-31.3996484,TB.reg,-64.161382,7
-31.3999064,TB.reg,-64.1612884,8
-31.4000382,TB.reg,-64.1612339,9
-31.4005926,TB.reg,-64.1610365,10
-31.4008186,TB.reg,-64.1609654,11
-31.4011453,TB.reg,-64.160842,12
-31.401593,TB.reg,-64.1606704,13
-31.4019876,TB.reg,-64.1605344,14
-31.4022314,TB.reg,-64.1604446,15
-31.402724,TB.reg,-64.1602565,16
-31.4031996,TB.reg,-64.1600888,17
-31.4033478,TB.reg,-64.1600316,18
-31.4036229,TB.reg,-64.1599204,19
-31.4037249,TB.reg,-64.159891,20
-31.4040401,TB.reg,-64.1597748,21
-31.4045739,TB.reg,-64.1595833,22
-31.4050722,TB.reg,-64.1593971,23
-31.4054,TB.reg,-64.1592746,24
-31.4056096,TB.reg,-64.1592075,25
-31.4058081,TB.reg,-64.1591312,26
-31.4059853,TB.reg,-64.1590629,27
-31.4063381,TB.reg,-64.1589314,28
-31.4063953,TB.reg,-64.1589068,29
-31.4064216,TB.reg,-64.1589018,30
-31.4065429,TB.reg,-64.1588588,31
-31.407136,TB.reg,-64.1586418,32
-31.4072569,TB.reg,-64.1586007,33
-31.4077016815,TB.reg,-64.1584349963,34
-31.4081881,TB.reg,-64.1582591,35
-31.4084949,TB.reg,-64.1594098,36
-31.4086362,TB.reg,-64.1599299,37
-31.4089582,TB.reg,-64.1611302,38
-31.4090645,TB.reg,-64.1615282,39
-31.4090986,TB.reg,-64.1616544,40
-31.4092636,TB.reg,-64.1622689,41
-31.4095949,TB.reg,-64.1635041,42
-31.4098079,TB.reg,-64.164291,43
-31.4098169,TB.reg,-64.1643275,44
-31.4099162,TB.reg,-64.1647019,45
-31.4102497,TB.reg,-64.165952,46
-31.4103026,TB.reg,-64.166158,47
-31.4104207,TB.reg,-64.1666101,48
-31.4104924,TB.reg,-64.1668601,49
-31.4105302,TB.reg,-64.1670112,50
-31.4105696,TB.reg,-64.1671636,51
-31.410885,TB.reg,-64.1683415,52
-31.4109792,TB.reg,-64.16869,53
-31.411041,TB.reg,-64.1689177,54
-31.4110622,TB.reg,-64.1689941,55
-31.411071,TB.reg,-64.1690236,56
-31.4111025,TB.reg,-64.1691349,57
-31.4111257,TB.reg,-64.1692031,58
-31.4112369,TB.reg,-64.1695755,59
-31.411583,TB.reg,-64.1707373,60
-31.411664,TB.reg,-64.17105,61
-31.4119097,TB.reg,-64.1719279,62
-31.4120677,TB.reg,-64.1724997,63
-31.4121573,TB.reg,-64.172795,64
-31.4121799,TB.reg,-64.1728552,65
-31.4122057,TB.reg,-64.1729346,66
-31.4122585,TB.reg,-64.1731364,67
-31.4123116,TB.reg,-64.1734387,68
-31.4123375,TB.reg,-64.1735526,69
-31.4123888,TB.reg,-64.1737843,70
-31.4124034,TB.reg,-64.1739989,71
-31.4123815,TB.reg,-64.174162,72
-31.4123448,TB.reg,-64.174325,73
-31.4120811,TB.reg,-64.1751662,74
-31.4120342,TB.reg,-64.1753248,75
-31.412274,TB.reg,-64.1753229,76
-31.4125921,TB.reg,-64.1753227,77
-31.4133173,TB.reg,-64.1753055,78
-31.4134793,TB.reg,-64.1753421,79
-31.4137275,TB.reg,-64.1753913,80
-31.4139664,TB.reg,-64.1754706,81
-31.4141116,TB.reg,-64.1755336,82
-31.4144893,TB.reg,-64.1756574,83
-31.4145931,TB.reg,-64.1756917,84
-31.4145683,TB.reg,-64.1757772,85
-31.4145035,TB.reg,-64.176001,86
-31.4141335,TB.reg,-64.1772792,87
-31.4140358,TB.reg,-64.1776164,88
-31.4139312,TB.reg,-64.1779778,89
-31.4137616,TB.reg,-64.1785635,90
-31.4133826,TB.reg,-64.1798726,91
-31.4129963,TB.reg,-64.1812065,92
-31.4125942,TB.reg,-64.1825953,93
-31.4124429,TB.reg,-64.1831195,94
-31.4122186,TB.reg,-64.183897,95
-31.4118157,TB.reg,-64.1852932,96
-31.411586,TB.reg,-64.1860387,97
-31.4115634,TB.reg,-64.1861167,98
-31.4113967,TB.reg,-64.1866715,99
-31.4111582,TB.reg,-64.1874056,100
-31.4109803,TB.reg,-64.1880133,101
-31.4105757,TB.reg,-64.1894012,102
-31.410333,TB.reg,-64.1900629,103
-31.410149,TB.reg,-64.190611,104
-31.4100717,TB.reg,-64.1908738,105
-31.4096782,TB.reg,-64.1922096,106
-31.4093608,TB.reg,-64.1933008,107
-31.409311,TB.reg,-64.1934743,108
-31.4089097,TB.reg,-64.1948636,109
-31.4095015,TB.reg,-64.1950703,110
-31.4100276,TB.reg,-64.1952536,111
-31.4099426,TB.reg,-64.1953848,112
-31.4095901,TB.reg,-64.1966247,113
-31.4091623,TB.reg,-64.1980098,114
-31.4089832,TB.reg,-64.1986264,115
-31.4087764,TB.reg,-64.1993332,116
-31.4083717,TB.reg,-64.2006934,117
-31.408087,TB.reg,-64.2016996,118
-31.407982,TB.reg,-64.202061,119
-31.4076861,TB.reg,-64.203073,120
-31.4076018,TB.reg,-64.2033645,121
-31.4073058,TB.reg,-64.2044312,122
-31.4072681,TB.reg,-64.2045731,123
-31.4069154,TB.reg,-64.2057998,124
-31.4068395,TB.reg,-64.2060409,125
-31.4066719,TB.reg,-64.2066102,126
-31.4065265,TB.reg,-64.2071457,127
-31.4062861,TB.reg,-64.2079639,128
-31.4062311,TB.reg,-64.2081552,129
-31.4059187,TB.reg,-64.2092073,130
-31.4055544,TB.reg,-64.2103526,131
-31.4053838,TB.reg,-64.2108874,132
-31.4051961,TB.reg,-64.2114783,133
-31.4049688,TB.reg,-64.212206,134
-31.4048422,TB.reg,-64.2126241,135
-31.4044768,TB.reg,-64.2137573,136
-31.4042029,TB.reg,-64.2145831,137
-31.4041035,TB.reg,-64.214896,138
-31.4037596,TB.reg,-64.2160239,139
-31.4034016,TB.reg,-64.217149,140
-31.4032484,TB.reg,-64.2176359,141
-31.4030528,TB.reg,-64.2182968,142
-31.4026835,TB.reg,-64.2194355,143
-31.4023287,TB.reg,-64.2205781,144
-31.4021648,TB.reg,-64.2210637,145
-31.401961,TB.reg,-64.2217012,146
-31.4016212,TB.reg,-64.2228084,147
-31.4013958,TB.reg,-64.2234876,148
-31.4012441,TB.reg,-64.2239583,149
-31.4001571,TB.reg,-64.2234865,150
-31.3997996,TB.reg,-64.2246018,151
-31.3998194,TB.reg,-64.2247674,152
-31.4000961,TB.reg,-64.224875,153
-31.4004404,TB.reg,-64.2250265,154
-31.4004987,TB.reg,-64.2250433,155
-31.4008327,TB.reg,-64.2251929,156
-31.4009247,TB.reg,-64.2252329,157
-31.4319717,TC.ida,-64.2358827,1
-31.4319267,TC.ida,-64.2352231,2
-31.4318961,TC.ida,-64.2347378,3
-31.4318946,TC.ida,-64.2346943,4
-31.4318154,TC.ida,-64.2334726,5
-31.4317456,TC.ida,-64.2323958,6
-31.4317113,TC.ida,-64.2318664,7
-31.4316907,TC.ida,-64.231549,8
-31.4316334,TC.ida,-64.2306559,9
-31.43163,TC.ida,-64.2306138,10
-31.4316249,TC.ida,-64.2305344,11
-31.4315924,TC.ida,-64.2300777,12
-31.4315049,TC.ida,-64.2288483,13
-31.4314448,TC.ida,-64.2280038,14
-31.4313954,TC.ida,-64.2273097,15
-31.4313888,TC.ida,-64.2272231,16
-31.4313468,TC.ida,-64.2266254,17
-31.4312892,TC.ida,-64.2258161,18
-31.4312319,TC.ida,-64.225011,19
-31.4312014,TC.ida,-64.2245316,20
-31.4311894,TC.ida,-64.2243564,21
-31.4311738,TC.ida,-64.2241952,22
-31.4311151,TC.ida,-64.2233691,23
-31.4310155,TC.ida,-64.2219706,24
-31.4309928,TC.ida,-64.2216511,25
-31.4309413,TC.ida,-64.2209265,26
-31.4309121,TC.ida,-64.2205286,27
-31.4308643,TC.ida,-64.2198446,28
-31.4307512,TC.ida,-64.2183368,29
-31.4306861,TC.ida,-64.2174267,30
-31.4306159,TC.ida,-64.2164811,31
-31.4304895,TC.ida,-64.2147642,32
-31.4304745,TC.ida,-64.2145519,33
-31.4304349,TC.ida,-64.2140119,34
-31.4303807,TC.ida,-64.2133866,35
-31.430363,TC.ida,-64.2131822,36
-31.4302584,TC.ida,-64.2119746,37
-31.430189,TC.ida,-64.2111743,38
-31.4300942,TC.ida,-64.2108627,39
-31.4299262,TC.ida,-64.2107691,40
-31.4298362,TC.ida,-64.2107143,41
-31.429573,TC.ida,-64.2105803,42
-31.4294166,TC.ida,-64.2105159,43
-31.4292586,TC.ida,-64.2103856,44
-31.4290719,TC.ida,-64.2101426,45
-31.4288585,TC.ida,-64.2099092,46
-31.4284992,TC.ida,-64.2093589,47
-31.42842,TC.ida,-64.20924,48
-31.4283497,TC.ida,-64.2091299,49
-31.4282625,TC.ida,-64.2089942,50
-31.4280841,TC.ida,-64.2087152,51
-31.4279595,TC.ida,-64.2085271,52
-31.4278513,TC.ida,-64.2082867,53
-31.427791,TC.ida,-64.2081183,54
-31.4277635,TC.ida,-64.2079854,55
-31.4277428,TC.ida,-64.2078824,56
-31.4277509,TC.ida,-64.2075953,57
-31.427791,TC.ida,-64.2072531,58
-31.4279146,TC.ida,-64.2067376,59
-31.4280241,TC.ida,-64.206371,60
-31.428062,TC.ida,-64.2062526,61
-31.4281092,TC.ida,-64.2059709,62
-31.4281428,TC.ida,-64.2057588,63
-31.4282969,TC.ida,-64.2050689,64
-31.4283587,TC.ida,-64.2048631,65
-31.4283863,TC.ida,-64.2047652,66
-31.4284481,TC.ida,-64.2045706,67
-31.4284741,TC.ida,-64.204419,68
-31.4284897,TC.ida,-64.2043225,69
-31.4285123,TC.ida,-64.2041651,70
-31.4285735,TC.ida,-64.2038234,71
-31.4286424,TC.ida,-64.2029144,72
-31.428672,TC.ida,-64.2022388,73
-31.4286746,TC.ida,-64.2021996,74
-31.4287075,TC.ida,-64.2017607,75
-31.4287222,TC.ida,-64.2015747,76
-31.4287534,TC.ida,-64.201405,77
-31.4287649,TC.ida,-64.2012686,78
-31.4288257,TC.ida,-64.2004891,79
-31.4288687,TC.ida,-64.2000703,80
-31.4289017,TC.ida,-64.1998021,81
-31.4287373,TC.ida,-64.1992363,82
-31.4287104,TC.ida,-64.1991414,83
-31.4286403,TC.ida,-64.198786,84
-31.4285922,TC.ida,-64.1985454,85
-31.4284237,TC.ida,-64.197849,86
-31.4283063,TC.ida,-64.1973613,87
-31.4280161,TC.ida,-64.1966877,88
-31.4279673,TC.ida,-64.196604,89
-31.4279672,TC.ida,-64.1966017,90
-31.4275101,TC.ida,-64.1958396,91
-31.4273032,TC.ida,-64.1954307,92
-31.4271879,TC.ida,-64.1952283,93
-31.4269464,TC.ida,-64.1948346,94
-31.4268493,TC.ida,-64.1945404,95
-31.4267349,TC.ida,-64.1941671,96
-31.426549,TC.ida,-64.1938279,97
-31.4263515,TC.ida,-64.1935775,98
-31.4261744,TC.ida,-64.1933171,99
-31.4260365,TC.ida,-64.1930829,100
-31.426075,TC.ida,-64.1929402,101
-31.4253548,TC.ida,-64.1926425,102
-31.4251055,TC.ida,-64.1925393,103
-31.4247406,TC.ida,-64.1923868,104
-31.4241951,TC.ida,-64.1921593,105
-31.4236281,TC.ida,-64.1919378,106
-31.4235672,TC.ida,-64.1919138,107
-31.4230667,TC.ida,-64.1916918,108
-31.4229093,TC.ida,-64.1916266,109
-31.4224185,TC.ida,-64.1914292,110
-31.4222501,TC.ida,-64.1913262,111
-31.4221182,TC.ida,-64.1911889,112
-31.4219349,TC.ida,-64.1910161,113
-31.421516,TC.ida,-64.1906134,114
-31.4214339,TC.ida,-64.1905334,115
-31.4209275,TC.ida,-64.1900372,116
-31.4207191,TC.ida,-64.190016,117
-31.4205835,TC.ida,-64.1899995,118
-31.4204923,TC.ida,-64.1899797,119
-31.4203953,TC.ida,-64.1899687,120
-31.4202697,TC.ida,-64.18998,121
-31.4198209575,TC.ida,-64.1900446874,122
-31.4197559,TC.ida,-64.1900278,123
-31.4192612,TC.ida,-64.1898941,124
-31.4186949,TC.ida,-64.1898296,125
-31.4182654,TC.ida,-64.1895948,126
-31.418024,TC.ida,-64.1894924,127
-31.4170149,TC.ida,-64.1890405,128
-31.4167689,TC.ida,-64.1889419,129
-31.4166158,TC.ida,-64.1888796,130
-31.4165373,TC.ida,-64.1888476,131
-31.4164143,TC.ida,-64.1887975,132
-31.4161173,TC.ida,-64.1886765,133
-31.4158576,TC.ida,-64.1885685,134
-31.4147719374,TC.ida,-64.1880858243,135
-31.4144146011,TC.ida,-64.1879351655,136
-31.4142609777,TC.ida,-64.1878703955,137
-31.4138984002,TC.ida,-64.1877175278,138
-31.41383012,TC.ida,-64.18768874,139
-31.4136640672,TC.ida,-64.18761873,140
-31.4130983017,TC.ida,-64.1873801972,141
-31.4129398573,TC.ida,-64.1873133956,142
-31.4124852374,TC.ida,-64.1871217243,143
-31.4125837,TC.ida,-64.186779,144
-31.4126261,TC.ida,-64.1866316,145
-31.4126783,TC.ida,-64.1864501,146
-31.4127784,TC.ida,-64.1861016,147
-31.4128832,TC.ida,-64.1857371,148
-31.4129924,TC.ida,-64.1853768,149
-31.4130206,TC.ida,-64.1852837,150
-31.4130515,TC.ida,-64.1851819,151
-31.4130758,TC.ida,-64.1851017,152
-31.4131093,TC.ida,-64.1849912,153
-31.4131409,TC.ida,-64.1848868,154
-31.4133051,TC.ida,-64.1843452,155
-31.4134526,TC.ida,-64.1838584,156
-31.4137003,TC.ida,-64.1830411,157
-31.4140482,TC.ida,-64.1818917,158
-31.4141089,TC.ida,-64.1816911,159
-31.414175,TC.ida,-64.1814726,160
-31.4142055,TC.ida,-64.1813718,161
-31.4142792,TC.ida,-64.1811283,162
-31.4143073,TC.ida,-64.1810355,163
-31.41434,TC.ida,-64.1809273,164
-31.4143624,TC.ida,-64.1808534,165
-31.4145103,TC.ida,-64.1803649,166
-31.4146063,TC.ida,-64.1800475,167
-31.4146469,TC.ida,-64.1799135,168
-31.4147135,TC.ida,-64.1796933,169
-31.4149074,TC.ida,-64.1790527,170
-31.4152869,TC.ida,-64.1777752,171
-31.4154182,TC.ida,-64.1773291,172
-31.4154918,TC.ida,-64.1770936,173
-31.415522,TC.ida,-64.1769909,174
-31.4155451,TC.ida,-64.1769273,175
-31.4156672,TC.ida,-64.1765017,176
-31.4158065,TC.ida,-64.1760392,177
-31.4159742,TC.ida,-64.1754457,178
-31.4160401,TC.ida,-64.1752225,179
-31.4160694,TC.ida,-64.1750165,180
-31.4160678,TC.ida,-64.1749663,181
-31.4160694,TC.ida,-64.1748191,182
-31.4160492,TC.ida,-64.1745802,183
-31.4157911,TC.ida,-64.173566,184
-31.4157586,TC.ida,-64.1734467,185
-31.4156866,TC.ida,-64.173183,186
-31.4155171,TC.ida,-64.1725576,187
-31.4154994,TC.ida,-64.1724933,188
-31.4154262,TC.ida,-64.1722284,189
-31.4153628,TC.ida,-64.1719956,190
-31.4152553,TC.ida,-64.1716092,191
-31.4151723,TC.ida,-64.1712976,192
-31.4150317,TC.ida,-64.1707816,193
-31.4147988,TC.ida,-64.1698938,194
-31.4147074,TC.ida,-64.1695923,195
-31.4145301,TC.ida,-64.1689112,196
-31.4145016,TC.ida,-64.1688153,197
-31.4143794,TC.ida,-64.1683899,198
-31.4141974,TC.ida,-64.1677163,199
-31.4140427,TC.ida,-64.1671746,200
-31.413953,TC.ida,-64.16685,201
-31.4139211,TC.ida,-64.1667404,202
-31.4137174,TC.ida,-64.1659646,203
-31.4135486,TC.ida,-64.1653568,204
-31.4133987,TC.ida,-64.1647938,205
-31.4145159,TC.ida,-64.1644063,206
-31.4149139,TC.ida,-64.1642522,207
-31.4155137,TC.ida,-64.1640222,208
-31.4157011,TC.ida,-64.1629237,209
-31.4158263,TC.ida,-64.16219,210
-31.4159535,TC.ida,-64.1614448,211
-31.4161012,TC.ida,-64.160579,212
-31.4162593,TC.ida,-64.1596523,213
-31.4172112,TC.ida,-64.159898,214
-31.4175408,TC.ida,-64.1592285,215
-31.4179437,TC.ida,-64.1585288,216
-31.417973,TC.ida,-64.1583142,217
-31.4179831,TC.ida,-64.158154,218
-31.4180475,TC.ida,-64.1573792,219
-31.4180533,TC.ida,-64.1572352,220
-31.4181601,TC.ida,-64.1562309,221
-31.4188597,TC.ida,-64.1563196,222
-31.4192019,TC.ida,-64.156363,223
-31.4202862,TC.ida,-64.1565083,224
-31.4214483,TC.ida,-64.1566541,225
-31.4225998,TC.ida,-64.1567987,226
-31.4227195,TC.ida,-64.1555617,227
-31.4228402,TC.ida,-64.1543139,228
-31.422915,TC.ida,-64.1535404,229
-31.4231378,TC.ida,-64.1534925,230
-31.4232726,TC.ida,-64.1533762,231
-31.4233619,TC.ida,-64.1531588,232
-31.4233626,TC.ida,-64.1531096,233
-31.4233643,TC.ida,-64.1529791,234
-31.4232836,TC.ida,-64.1527784,235
-31.4231268,TC.ida,-64.1526116,236
-31.4229883,TC.ida,-64.1525619,237
-31.4230549,TC.ida,-64.1518099,238
-31.4231625,TC.ida,-64.1505941,239
-31.4232782,TC.ida,-64.1493062,240
-31.4233412,TC.ida,-64.1486091,241
-31.4237795,TC.ida,-64.1486649,242
-31.4238353,TC.ida,-64.1481343,243
-31.4238925,TC.ida,-64.1475911,244
-31.4234436,TC.ida,-64.147531,245
-31.4235108,TC.ida,-64.146833,246
-31.423634,TC.ida,-64.1455558,247
-31.4237543,TC.ida,-64.1443086,248
-31.4238662,TC.ida,-64.1430541,249
-31.4239956,TC.ida,-64.1417992,250
-31.4250608,TC.ida,-64.1419602,251
-31.4251771,TC.ida,-64.1407083,252
-31.4251771,TC.reg,-64.1407083,1
-31.4241168,TC.reg,-64.1405491,2
-31.4239956,TC.reg,-64.1417992,3
-31.4238662,TC.reg,-64.1430541,4
-31.4237543,TC.reg,-64.1443086,5
-31.423634,TC.reg,-64.1455558,6
-31.4235108,TC.reg,-64.146833,7
-31.4234436,TC.reg,-64.147531,8
-31.4230052,TC.reg,-64.1474724,9
-31.4229497,TC.reg,-64.1480141,10
-31.4228922,TC.reg,-64.1485519,11
-31.4233412,TC.reg,-64.1486091,12
-31.4232782,TC.reg,-64.1493062,13
-31.4231625,TC.reg,-64.1505941,14
-31.4230549,TC.reg,-64.1518099,15
-31.4229883,TC.reg,-64.1525619,16
-31.4227686,TC.reg,-64.1526134,17
-31.4226131,TC.reg,-64.1527403,18
-31.4225443,TC.reg,-64.1529018,19
-31.4225453,TC.reg,-64.1530067,20
-31.4225466,TC.reg,-64.1531396,21
-31.4226381,TC.reg,-64.1533605,22
-31.4227849,TC.reg,-64.1534889,23
-31.422915,TC.reg,-64.1535404,24
-31.4228402,TC.reg,-64.1543139,25
-31.4227195,TC.reg,-64.1555617,26
-31.4215658,TC.reg,-64.1554124,27
-31.4204208,TC.reg,-64.1552642,28
-31.4193332,TC.reg,-64.1551235,29
-31.4182922,TC.reg,-64.1549888,30
-31.4181601,TC.reg,-64.1562309,31
-31.4180533,TC.reg,-64.1572352,32
-31.4180475,TC.reg,-64.1573792,33
-31.4179831,TC.reg,-64.158154,34
-31.417973,TC.reg,-64.1583142,35
-31.4179437,TC.reg,-64.1585288,36
-31.4175408,TC.reg,-64.1592285,37
-31.4172112,TC.reg,-64.159898,38
-31.4162593,TC.reg,-64.1596523,39
-31.4161012,TC.reg,-64.160579,40
-31.4159535,TC.reg,-64.1614448,41
-31.4158263,TC.reg,-64.16219,42
-31.4157011,TC.reg,-64.1629237,43
-31.4151579,TC.reg,-64.1627947,44
-31.4141137,TC.reg,-64.1631758,45
-31.4132285,TC.reg,-64.1634988,46
-31.4130619,TC.reg,-64.1635587,47
-31.4119991,TC.reg,-64.1639415,48
-31.4109606,TC.reg,-64.1643231,49
-31.4108481,TC.reg,-64.1643642,50
-31.4106973,TC.reg,-64.1644195,51
-31.4105767,TC.reg,-64.1644622,52
-31.4103048,TC.reg,-64.1645608,53
-31.4099162,TC.reg,-64.1647019,54
-31.4102497,TC.reg,-64.165952,55
-31.4103026,TC.reg,-64.166158,56
-31.4104207,TC.reg,-64.1666101,57
-31.4104924,TC.reg,-64.1668601,58
-31.4105302,TC.reg,-64.1670112,59
-31.4105696,TC.reg,-64.1671636,60
-31.410885,TC.reg,-64.1683415,61
-31.4109792,TC.reg,-64.16869,62
-31.411041,TC.reg,-64.1689177,63
-31.4110622,TC.reg,-64.1689941,64
-31.411071,TC.reg,-64.1690236,65
-31.4111025,TC.reg,-64.1691349,66
-31.4111257,TC.reg,-64.1692031,67
-31.4112369,TC.reg,-64.1695755,68
-31.411583,TC.reg,-64.1707373,69
-31.411664,TC.reg,-64.17105,70
-31.4119097,TC.reg,-64.1719279,71
-31.4120677,TC.reg,-64.1724997,72
-31.4121573,TC.reg,-64.172795,73
-31.4121799,TC.reg,-64.1728552,74
-31.4122057,TC.reg,-64.1729346,75
-31.4122585,TC.reg,-64.1731364,76
-31.4123116,TC.reg,-64.1734387,77
-31.4123375,TC.reg,-64.1735526,78
-31.4123888,TC.reg,-64.1737843,79
-31.4124034,TC.reg,-64.1739989,80
-31.4123815,TC.reg,-64.174162,81
-31.4123448,TC.reg,-64.174325,82
-31.4120811,TC.reg,-64.1751662,83
-31.4120342,TC.reg,-64.1753248,84
-31.412274,TC.reg,-64.1753229,85
-31.4125921,TC.reg,-64.1753227,86
-31.4133173,TC.reg,-64.1753055,87
-31.4134793,TC.reg,-64.1753421,88
-31.4137275,TC.reg,-64.1753913,89
-31.4139664,TC.reg,-64.1754706,90
-31.4141116,TC.reg,-64.1755336,91
-31.4144893,TC.reg,-64.1756574,92
-31.4145931,TC.reg,-64.1756917,93
-31.4145683,TC.reg,-64.1757772,94
-31.4145035,TC.reg,-64.176001,95
-31.4141335,TC.reg,-64.1772792,96
-31.4140358,TC.reg,-64.1776164,97
-31.4139312,TC.reg,-64.1779778,98
-31.4137616,TC.reg,-64.1785635,99
-31.4133826,TC.reg,-64.1798726,100
-31.4129963,TC.reg,-64.1812065,101
-31.4125942,TC.reg,-64.1825953,102
-31.4124429,TC.reg,-64.1831195,103
-31.4122186,TC.reg,-64.183897,104
-31.4118157,TC.reg,-64.1852932,105
-31.4119318,TC.reg,-64.1853415,106
-31.4120218,TC.reg,-64.1853789,107
-31.4122174,TC.reg,-64.1854602,108
-31.4122747,TC.reg,-64.1854841,109
-31.4123298,TC.reg,-64.185507,110
-31.4126882,TC.reg,-64.185656,111
-31.4128832,TC.reg,-64.1857371,112
-31.4131237,TC.reg,-64.1858356,113
-31.4133451,TC.reg,-64.1859263,114
-31.4140969,TC.reg,-64.1862342,115
-31.4142861,TC.reg,-64.1863116,116
-31.4145053,TC.reg,-64.1864014,117
-31.4146059,TC.reg,-64.1864426,118
-31.414873,TC.reg,-64.186552,119
-31.4151993,TC.reg,-64.1866856,120
-31.4154397,TC.reg,-64.1867857,121
-31.4156428,TC.reg,-64.1868727,122
-31.416278,TC.reg,-64.1871411,123
-31.4164778,TC.reg,-64.1872254,124
-31.4166431,TC.reg,-64.1872951,125
-31.4166667,TC.reg,-64.1873051,126
-31.4168135,TC.reg,-64.187367,127
-31.4170386,TC.reg,-64.187462,128
-31.4171023,TC.reg,-64.1874888,129
-31.4172506,TC.reg,-64.1875514,130
-31.4173184,TC.reg,-64.18758,131
-31.4174592,TC.reg,-64.1876394,132
-31.4175888,TC.reg,-64.1876942,133
-31.4176571,TC.reg,-64.1877232,134
-31.4177286,TC.reg,-64.1877534,135
-31.417858,TC.reg,-64.1878082,136
-31.4186705,TC.reg,-64.1881521,137
-31.4193149,TC.reg,-64.1884248,138
-31.4195454,TC.reg,-64.1885224,139
-31.4197122,TC.reg,-64.188593,140
-31.4198223,TC.reg,-64.1886395,141
-31.4200849,TC.reg,-64.1887507,142
-31.4201482,TC.reg,-64.1887834,143
-31.4206126,TC.reg,-64.1889701,144
-31.4206585,TC.reg,-64.1889895,145
-31.4211462,TC.reg,-64.1891953,146
-31.4221572,TC.reg,-64.1896279,147
-31.4223583,TC.reg,-64.1897068,148
-31.4229035,TC.reg,-64.1899411,149
-31.4234872,TC.reg,-64.1901832,150
-31.4246608,TC.reg,-64.1906785,151
-31.4241951,TC.reg,-64.1921593,152
-31.4241202,TC.reg,-64.1924105,153
-31.4238429,TC.reg,-64.1933069,154
-31.4237753,TC.reg,-64.1935876,155
-31.424234,TC.reg,-64.1937593,156
-31.4243972,TC.reg,-64.1938204,157
-31.4249328,TC.reg,-64.1940221,158
-31.4255775,TC.reg,-64.1942805,159
-31.4256173,TC.reg,-64.1943069,160
-31.426065,TC.reg,-64.1944941,161
-31.4260954,TC.reg,-64.1945076,162
-31.4264976,TC.reg,-64.194679,163
-31.4266352,TC.reg,-64.1947396,164
-31.4269464,TC.reg,-64.1948346,165
-31.4271258,TC.reg,-64.1952557,166
-31.427233,TC.reg,-64.1954476,167
-31.4274096,TC.reg,-64.1957599,168
-31.4277535,TC.reg,-64.1963877,169
-31.4278799,TC.reg,-64.196626,170
-31.42795,TC.reg,-64.1967463,171
-31.4280565,TC.reg,-64.1969757,172
-31.4282409,TC.reg,-64.197418,173
-31.4283539,TC.reg,-64.1978565,174
-31.428515,TC.reg,-64.1984874,175
-31.4288222,TC.reg,-64.1997928,176
-31.4288198,TC.reg,-64.2001115,177
-31.4287754,TC.reg,-64.2004891,178
-31.4287684,TC.reg,-64.2006244,179
-31.4287664,TC.reg,-64.200664,180
-31.4287109,TC.reg,-64.2012576,181
-31.4286942,TC.reg,-64.201374,182
-31.4286724,TC.reg,-64.2015737,183
-31.4286454,TC.reg,-64.2018715,184
-31.4286189,TC.reg,-64.2022029,185
-31.4286247,TC.reg,-64.2024397,186
-31.4285973,TC.reg,-64.202856,187
-31.4285833,TC.reg,-64.2030564,188
-31.4285519,TC.reg,-64.2034101,189
-31.4285131,TC.reg,-64.2038278,190
-31.4284591,TC.reg,-64.2041582,191
-31.4284081,TC.reg,-64.2044116,192
-31.4283883,TC.reg,-64.2045212,193
-31.4283307,TC.reg,-64.2047575,194
-31.4282864,TC.reg,-64.2048841,195
-31.4282576,TC.reg,-64.2050436,196
-31.4281546,TC.reg,-64.2055613,197
-31.4280269,TC.reg,-64.2062408,198
-31.4279595,TC.reg,-64.206379,199
-31.4278518,TC.reg,-64.206771,200
-31.42779,TC.reg,-64.207,201
-31.4277783,TC.reg,-64.207073,202
-31.4277386,TC.reg,-64.207232,203
-31.4277141,TC.reg,-64.2074219,204
-31.4277132,TC.reg,-64.2074461,205
-31.4276903,TC.reg,-64.2076827,206
-31.427669,TC.reg,-64.2078397,207
-31.4277097,TC.reg,-64.2080881,208
-31.4277585,TC.reg,-64.2081875,209
-31.4278145,TC.reg,-64.2083779,210
-31.4279151,TC.reg,-64.2085687,211
-31.428049,TC.reg,-64.2087652,212
-31.4283645,TC.reg,-64.2092408,213
-31.4287145,TC.reg,-64.2097829,214
-31.4287814,TC.reg,-64.2098887,215
-31.429046,TC.reg,-64.2102015,216
-31.4291761,TC.reg,-64.2104116,217
-31.4291197,TC.reg,-64.2106346,218
-31.4290272,TC.reg,-64.2108053,219
-31.4290081,TC.reg,-64.2109721,220
-31.429051,TC.reg,-64.2111489,221
-31.4290609,TC.reg,-64.211175,222
-31.4291154,TC.reg,-64.2112505,223
-31.4292154,TC.reg,-64.2113338,224
-31.4293476,TC.reg,-64.2113756,225
-31.4294114,TC.reg,-64.211558,226
-31.4295026,TC.reg,-64.2121394,227
-31.4297364,TC.reg,-64.2125471,228
-31.4300957,TC.reg,-64.2128879,229
-31.4302839,TC.reg,-64.2132221,230
-31.4303523,TC.reg,-64.2139973,231
-31.4303903,TC.reg,-64.2145447,232
-31.4303909,TC.reg,-64.214559,233
-31.4304049,TC.reg,-64.2147603,234
-31.430415,TC.reg,-64.2149062,235
-31.4304597,TC.reg,-64.2155481,236
-31.4305142,TC.reg,-64.2163304,237
-31.4305253,TC.reg,-64.2164897,238
-31.4305854,TC.reg,-64.217352,239
-31.4305894,TC.reg,-64.2174662,240
-31.4306407,TC.reg,-64.2182047,241
-31.4307291,TC.reg,-64.2195098,242
-31.43078,TC.reg,-64.2201457,243
-31.4307898,TC.reg,-64.2203168,244
-31.4308494,TC.reg,-64.2211047,245
-31.43089,TC.reg,-64.22167,246
-31.4309067,TC.reg,-64.221897,247
-31.4309653,TC.reg,-64.2227069,248
-31.4310024,TC.reg,-64.2232199,249
-31.4310217,TC.reg,-64.2235213,250
-31.431072,TC.reg,-64.2243044,251
-31.4310807,TC.reg,-64.2244331,252
-31.4310953,TC.reg,-64.2246238,253
-31.4311173,TC.reg,-64.2250103,254
-31.431168,TC.reg,-64.2258015,255
-31.4311906,TC.reg,-64.2261537,256
-31.4312206,TC.reg,-64.2265985,257
-31.4312334,TC.reg,-64.2267634,258
-31.43125,TC.reg,-64.22698,259
-31.431274,TC.reg,-64.227391,260
-31.4313257,TC.reg,-64.2281586,261
-31.4313704,TC.reg,-64.2288216,262
-31.4314207,TC.reg,-64.2295753,263
-31.4314272,TC.reg,-64.2296636,264
-31.4314415,TC.reg,-64.2298761,265
-31.4314533,TC.reg,-64.2300384,266
-31.4314908,TC.reg,-64.2305084,267
-31.4315423,TC.reg,-64.2311428,268
-31.4315865,TC.reg,-64.231697,269
-31.4316031,TC.reg,-64.2319063,270
-31.431641,TC.reg,-64.2323823,271
-31.4317282,TC.reg,-64.2338885,272
-31.431745,TC.reg,-64.2341809,273
-31.4317991,TC.reg,-64.2351142,274
-31.4318479,TC.reg,-64.2359567,275
-31.4308884,TC.reg,-64.2356997,276
-31.4309587,TC.reg,-64.2367713,277
-31.4319105,TC.reg,-64.237038,278
-31.4318479,TC.reg,-64.2359567,279
